Record Date,Security Type Description,Security Description,Average Interest Rate Amount,Source Line Number,Fiscal Year,Fiscal Quarter Number,Calendar Year,Calendar Quarter Number,Calendar Month Number,Calendar Day Number
2023-10-31,Marketable,Treasury Bills,5.437,1,2024,1,2023,4,10,31
2023-10-31,Marketable,Treasury Notes,2.190,2,2024,1,2023,4,10,31
2023-10-31,Marketable,Treasury Bonds,3.070,3,2024,1,2023,4,10,31
2023-10-31,Marketable,Treasury Inflation-Protected Securities (TIPS),0.613,4,2024,1,2023,4,10,31
2023-10-31,Marketable,Treasury Floating Rate Notes (FRN),5.430,5,2024,1,2023,4,10,31
2023-10-31,Marketable,Federal Financing Bank,2.513,6,2024,1,2023,4,10,31
2023-10-31,Marketable,Total Marketable,3.096,7,2024,1,2023,4,10,31
2023-10-31,Non-marketable,Domestic Series,7.577,8,2024,1,2023,4,10,31
2023-10-31,Non-marketable,Special Purpose Vehicle,4.162,9,2024,1,2023,4,10,31
2023-10-31,Non-marketable,Foreign Series,0.000,10,2024,1,2023,4,10,31
2023-10-31,Non-marketable,State and Local Government Series,3.233,11,2024,1,2023,4,10,31
2023-10-31,Non-marketable,United States Savings Securities,3.285,12,2024,1,2023,4,10,31
2023-10-31,Non-marketable,United States Savings Inflation Securities,4.395,13,2024,1,2023,4,10,31
2023-10-31,Non-marketable,Government Account Series,2.868,14,2024,1,2023,4,10,31
2023-10-31,Non-marketable,Government Account Series Inflation Securities,1.137,15,2024,1,2023,4,10,31
2023-10-31,Non-marketable,Total Non-marketable,2.884,16,2024,1,2023,4,10,31
2023-10-31,Interest-bearing Debt,Total Interest-bearing Debt,3.052,17,2024,1,2023,4,10,31
2023-09-30,Marketable,Treasury Bills,5.380,1,2023,4,2023,3,09,30
2023-09-30,Marketable,Treasury Notes,2.106,2,2023,4,2023,3,09,30
2023-09-30,Marketable,Treasury Bonds,3.051,3,2023,4,2023,3,09,30
2023-09-30,Marketable,Treasury Inflation-Protected Securities (TIPS),0.592,4,2023,4,2023,3,09,30
2023-09-30,Marketable,Treasury Floating Rate Notes (FRN),4.979,5,2023,4,2023,3,09,30
2023-09-30,Marketable,Federal Financing Bank,2.513,6,2023,4,2023,3,09,30
2023-09-30,Marketable,Total Marketable,3.016,7,2023,4,2023,3,09,30
2023-09-30,Non-marketable,Domestic Series,7.577,8,2023,4,2023,3,09,30
2023-09-30,Non-marketable,Special Purpose Vehicle,4.162,9,2023,4,2023,3,09,30
2023-09-30,Non-marketable,Foreign Series,0.000,10,2023,4,2023,3,09,30
2023-09-30,Non-marketable,State and Local Government Series,3.089,11,2023,4,2023,3,09,30
2023-09-30,Non-marketable,United States Savings Securities,3.253,12,2023,4,2023,3,09,30
2023-09-30,Non-marketable,United States Savings Inflation Securities,5.194,13,2023,4,2023,3,09,30
2023-09-30,Non-marketable,Government Account Series,2.771,14,2023,4,2023,3,09,30
2023-09-30,Non-marketable,Government Account Series Inflation Securities,1.055,15,2023,4,2023,3,09,30
2023-09-30,Non-marketable,Total Non-marketable,2.787,16,2023,4,2023,3,09,30
2023-09-30,Interest-bearing Debt,Total Interest-bearing Debt,2.970,17,2023,4,2023,3,09,30
2023-08-31,Marketable,Treasury Bills,5.319,1,2023,4,2023,3,08,31
2023-08-31,Marketable,Treasury Notes,2.077,2,2023,4,2023,3,08,31
2023-08-31,Marketable,Treasury Bonds,3.045,3,2023,4,2023,3,08,31
2023-08-31,Marketable,Treasury Inflation-Protected Securities (TIPS),0.581,4,2023,4,2023,3,08,31
2023-08-31,Marketable,Treasury Floating Rate Notes (FRN),5.205,5,2023,4,2023,3,08,31
2023-08-31,Marketable,Federal Financing Bank,2.513,6,2023,4,2023,3,08,31
2023-08-31,Marketable,Total Marketable,2.962,7,2023,4,2023,3,08,31
2023-08-31,Non-marketable,Domestic Series,7.577,8,2023,4,2023,3,08,31
2023-08-31,Non-marketable,Special Purpose Vehicle,4.172,9,2023,4,2023,3,08,31
2023-08-31,Non-marketable,Foreign Series,0.000,10,2023,4,2023,3,08,31
2023-08-31,Non-marketable,State and Local Government Series,2.809,11,2023,4,2023,3,08,31
2023-08-31,Non-marketable,United States Savings Securities,3.224,12,2023,4,2023,3,08,31
2023-08-31,Non-marketable,United States Savings Inflation Securities,5.539,13,2023,4,2023,3,08,31
2023-08-31,Non-marketable,Government Account Series,2.753,14,2023,4,2023,3,08,31
2023-08-31,Non-marketable,Government Account Series Inflation Securities,1.055,15,2023,4,2023,3,08,31
2023-08-31,Non-marketable,Total Non-marketable,2.765,16,2023,4,2023,3,08,31
2023-08-31,Interest-bearing Debt,Total Interest-bearing Debt,2.921,17,2023,4,2023,3,08,31
2023-07-31,Marketable,Treasury Bills,5.219,1,2023,4,2023,3,07,31
2023-07-31,Marketable,Treasury Notes,2.018,2,2023,4,2023,3,07,31
2023-07-31,Marketable,Treasury Bonds,3.049,3,2023,4,2023,3,07,31
2023-07-31,Marketable,Treasury Inflation-Protected Securities (TIPS),0.575,4,2023,4,2023,3,07,31
2023-07-31,Marketable,Treasury Floating Rate Notes (FRN),5.369,5,2023,4,2023,3,07,31
2023-07-31,Marketable,Federal Financing Bank,2.513,6,2023,4,2023,3,07,31
2023-07-31,Marketable,Total Marketable,2.873,7,2023,4,2023,3,07,31
2023-07-31,Non-marketable,Domestic Series,7.577,8,2023,4,2023,3,07,31
2023-07-31,Non-marketable,Special Purpose Vehicle,4.114,9,2023,4,2023,3,07,31
2023-07-31,Non-marketable,Foreign Series,0.000,10,2023,4,2023,3,07,31
2023-07-31,Non-marketable,State and Local Government Series,2.599,11,2023,4,2023,3,07,31
2023-07-31,Non-marketable,United States Savings Securities,3.196,12,2023,4,2023,3,07,31
2023-07-31,Non-marketable,United States Savings Inflation Securities,5.893,13,2023,4,2023,3,07,31
2023-07-31,Non-marketable,Government Account Series,2.707,14,2023,4,2023,3,07,31
2023-07-31,Non-marketable,Government Account Series Inflation Securities,1.055,15,2023,4,2023,3,07,31
2023-07-31,Non-marketable,Total Non-marketable,2.717,16,2023,4,2023,3,07,31
2023-07-31,Interest-bearing Debt,Total Interest-bearing Debt,2.841,17,2023,4,2023,3,07,31
2023-06-30,Marketable,Treasury Bills,5.116,1,2023,3,2023,2,06,30
2023-06-30,Marketable,Treasury Notes,1.972,2,2023,3,2023,2,06,30
2023-06-30,Marketable,Treasury Bonds,3.042,3,2023,3,2023,2,06,30
2023-06-30,Marketable,Treasury Inflation-Protected Securities (TIPS),0.564,4,2023,3,2023,2,06,30
2023-06-30,Marketable,Treasury Floating Rate Notes (FRN),5.268,5,2023,3,2023,2,06,30
2023-06-30,Marketable,Federal Financing Bank,2.513,6,2023,3,2023,2,06,30
2023-06-30,Marketable,Total Marketable,2.792,7,2023,3,2023,2,06,30
2023-06-30,Non-marketable,Domestic Series,7.577,8,2023,3,2023,2,06,30
2023-06-30,Non-marketable,Special Purpose Vehicle,4.047,9,2023,3,2023,2,06,30
2023-06-30,Non-marketable,Foreign Series,0.000,10,2023,3,2023,2,06,30
2023-06-30,Non-marketable,State and Local Government Series,2.500,11,2023,3,2023,2,06,30
2023-06-30,Non-marketable,United States Savings Securities,3.164,12,2023,3,2023,2,06,30
2023-06-30,Non-marketable,United States Savings Inflation Securities,6.527,13,2023,3,2023,2,06,30
2023-06-30,Non-marketable,Government Account Series,2.635,14,2023,3,2023,2,06,30
2023-06-30,Non-marketable,Government Account Series Inflation Securities,1.055,15,2023,3,2023,2,06,30
2023-06-30,Non-marketable,Total Non-marketable,2.645,16,2023,3,2023,2,06,30
2023-06-30,Interest-bearing Debt,Total Interest-bearing Debt,2.761,17,2023,3,2023,2,06,30
2023-05-31,Marketable,Treasury Bills,4.991,1,2023,3,2023,2,05,31
2023-05-31,Marketable,Treasury Notes,1.928,2,2023,3,2023,2,05,31
2023-05-31,Marketable,Treasury Bonds,3.036,3,2023,3,2023,2,05,31
2023-05-31,Marketable,Treasury Inflation-Protected Securities (TIPS),0.552,4,2023,3,2023,2,05,31
2023-05-31,Marketable,Treasury Floating Rate Notes (FRN),5.336,5,2023,3,2023,2,05,31
2023-05-31,Marketable,Federal Financing Bank,2.579,6,2023,3,2023,2,05,31
2023-05-31,Marketable,Total Marketable,2.691,7,2023,3,2023,2,05,31
2023-05-31,Non-marketable,Domestic Series,7.577,8,2023,3,2023,2,05,31
2023-05-31,Non-marketable,Special Purpose Vehicle,4.143,9,2023,3,2023,2,05,31
2023-05-31,Non-marketable,Foreign Series,0.000,10,2023,3,2023,2,05,31
2023-05-31,Non-marketable,State and Local Government Series,2.534,11,2023,3,2023,2,05,31
2023-05-31,Non-marketable,United States Savings Securities,3.125,12,2023,3,2023,2,05,31
2023-05-31,Non-marketable,United States Savings Inflation Securities,6.996,13,2023,3,2023,2,05,31
2023-05-31,Non-marketable,Government Account Series,2.564,14,2023,3,2023,2,05,31
2023-05-31,Non-marketable,Government Account Series Inflation Securities,1.055,15,2023,3,2023,2,05,31
2023-05-31,Non-marketable,Total Non-marketable,2.576,16,2023,3,2023,2,05,31
2023-05-31,Interest-bearing Debt,Total Interest-bearing Debt,2.667,17,2023,3,2023,2,05,31
2023-04-30,Marketable,Treasury Bills,4.739,1,2023,3,2023,2,04,30
2023-04-30,Marketable,Treasury Notes,1.865,2,2023,3,2023,2,04,30
2023-04-30,Marketable,Treasury Bonds,3.025,3,2023,3,2023,2,04,30
2023-04-30,Marketable,Treasury Inflation-Protected Securities (TIPS),0.544,4,2023,3,2023,2,04,30
2023-04-30,Marketable,Treasury Floating Rate Notes (FRN),5.143,5,2023,3,2023,2,04,30
2023-04-30,Marketable,Federal Financing Bank,2.529,6,2023,3,2023,2,04,30
2023-04-30,Marketable,Total Marketable,2.600,7,2023,3,2023,2,04,30
2023-04-30,Non-marketable,Domestic Series,7.577,8,2023,3,2023,2,04,30
2023-04-30,Non-marketable,Special Purpose Vehicle,3.951,9,2023,3,2023,2,04,30
2023-04-30,Non-marketable,Foreign Series,0.000,10,2023,3,2023,2,04,30
2023-04-30,Non-marketable,State and Local Government Series,2.478,11,2023,3,2023,2,04,30
2023-04-30,Non-marketable,United States Savings Securities,3.094,12,2023,3,2023,2,04,30
2023-04-30,Non-marketable,United States Savings Inflation Securities,7.467,13,2023,3,2023,2,04,30
2023-04-30,Non-marketable,Government Account Series,2.514,14,2023,3,2023,2,04,30
2023-04-30,Non-marketable,Government Account Series Inflation Securities,1.055,15,2023,3,2023,2,04,30
2023-04-30,Non-marketable,Total Non-marketable,2.526,16,2023,3,2023,2,04,30
2023-04-30,Interest-bearing Debt,Total Interest-bearing Debt,2.585,17,2023,3,2023,2,04,30
2023-03-31,Marketable,Treasury Bills,4.634,1,2023,2,2023,1,03,31
2023-03-31,Marketable,Treasury Notes,1.844,2,2023,2,2023,1,03,31
2023-03-31,Marketable,Treasury Bonds,3.022,3,2023,2,2023,1,03,31
2023-03-31,Marketable,Treasury Inflation-Protected Securities (TIPS),0.543,4,2023,2,2023,1,03,31
2023-03-31,Marketable,Treasury Floating Rate Notes (FRN),4.747,5,2023,2,2023,1,03,31
2023-03-31,Marketable,Federal Financing Bank,2.529,6,2023,2,2023,1,03,31
2023-03-31,Marketable,Total Marketable,2.576,7,2023,2,2023,1,03,31
2023-03-31,Non-marketable,Domestic Series,7.577,8,2023,2,2023,1,03,31
2023-03-31,Non-marketable,Special Purpose Vehicle,3.643,9,2023,2,2023,1,03,31
2023-03-31,Non-marketable,Foreign Series,0.000,10,2023,2,2023,1,03,31
2023-03-31,Non-marketable,State and Local Government Series,2.285,11,2023,2,2023,1,03,31
2023-03-31,Non-marketable,United States Savings Securities,2.986,12,2023,2,2023,1,03,31
2023-03-31,Non-marketable,United States Savings Inflation Securities,8.248,13,2023,2,2023,1,03,31
2023-03-31,Non-marketable,Government Account Series,2.520,14,2023,2,2023,1,03,31
2023-03-31,Non-marketable,Government Account Series Inflation Securities,1.054,15,2023,2,2023,1,03,31
2023-03-31,Non-marketable,Total Non-marketable,2.528,16,2023,2,2023,1,03,31
2023-03-31,Interest-bearing Debt,Total Interest-bearing Debt,2.566,17,2023,2,2023,1,03,31
2023-02-28,Marketable,Treasury Bills,4.475,1,2023,2,2023,1,02,28
2023-02-28,Marketable,Treasury Notes,1.803,2,2023,2,2023,1,02,28
2023-02-28,Marketable,Treasury Bonds,3.015,3,2023,2,2023,1,02,28
2023-02-28,Marketable,Treasury Inflation-Protected Securities (TIPS),0.538,4,2023,2,2023,1,02,28
2023-02-28,Marketable,Treasury Floating Rate Notes (FRN),4.602,5,2023,2,2023,1,02,28
2023-02-28,Marketable,Federal Financing Bank,2.529,6,2023,2,2023,1,02,28
2023-02-28,Marketable,Total Marketable,2.519,7,2023,2,2023,1,02,28
2023-02-28,Non-marketable,Domestic Series,7.577,8,2023,2,2023,1,02,28
2023-02-28,Non-marketable,Special Purpose Vehicle,3.691,9,2023,2,2023,1,02,28
2023-02-28,Non-marketable,Foreign Series,7.312,10,2023,2,2023,1,02,28
2023-02-28,Non-marketable,State and Local Government Series,2.218,11,2023,2,2023,1,02,28
2023-02-28,Non-marketable,United States Savings Securities,2.891,12,2023,2,2023,1,02,28
2023-02-28,Non-marketable,United States Savings Inflation Securities,8.593,13,2023,2,2023,1,02,28
2023-02-28,Non-marketable,Government Account Series,2.505,14,2023,2,2023,1,02,28
2023-02-28,Non-marketable,Government Account Series Inflation Securities,1.054,15,2023,2,2023,1,02,28
2023-02-28,Non-marketable,Total Non-marketable,2.511,16,2023,2,2023,1,02,28
2023-02-28,Interest-bearing Debt,Total Interest-bearing Debt,2.517,17,2023,2,2023,1,02,28
2023-01-31,Marketable,Treasury Bills,4.242,1,2023,2,2023,1,01,31
2023-01-31,Marketable,Treasury Notes,1.753,2,2023,2,2023,1,01,31
2023-01-31,Marketable,Treasury Bonds,3.022,3,2023,2,2023,1,01,31
2023-01-31,Marketable,Treasury Inflation-Protected Securities (TIPS),0.532,4,2023,2,2023,1,01,31
2023-01-31,Marketable,Treasury Floating Rate Notes (FRN),4.639,5,2023,2,2023,1,01,31
2023-01-31,Marketable,Federal Financing Bank,2.529,6,2023,2,2023,1,01,31
2023-01-31,Marketable,Total Marketable,2.434,7,2023,2,2023,1,01,31
2023-01-31,Non-marketable,Domestic Series,7.577,8,2023,2,2023,1,01,31
2023-01-31,Non-marketable,Special Purpose Vehicle,3.576,9,2023,2,2023,1,01,31
2023-01-31,Non-marketable,Foreign Series,7.312,10,2023,2,2023,1,01,31
2023-01-31,Non-marketable,State and Local Government Series,2.036,11,2023,2,2023,1,01,31
2023-01-31,Non-marketable,United States Savings Securities,2.834,12,2023,2,2023,1,01,31
2023-01-31,Non-marketable,United States Savings Inflation Securities,8.961,13,2023,2,2023,1,01,31
2023-01-31,Non-marketable,Government Account Series,2.530,14,2023,2,2023,1,01,31
2023-01-31,Non-marketable,Government Account Series Inflation Securities,1.053,15,2023,2,2023,1,01,31
2023-01-31,Non-marketable,Total Non-marketable,2.532,16,2023,2,2023,1,01,31
2023-01-31,Interest-bearing Debt,Total Interest-bearing Debt,2.455,17,2023,2,2023,1,01,31
2022-12-31,Marketable,Treasury Bills,3.891,1,2023,1,2022,4,12,31
2022-12-31,Marketable,Treasury Notes,1.697,2,2023,1,2022,4,12,31
2022-12-31,Marketable,Treasury Bonds,3.014,3,2023,1,2022,4,12,31
2022-12-31,Marketable,Treasury Inflation-Protected Securities (TIPS),0.497,4,2023,1,2022,4,12,31
2022-12-31,Marketable,Treasury Floating Rate Notes (FRN),4.405,5,2023,1,2022,4,12,31
2022-12-31,Marketable,Federal Financing Bank,2.529,6,2023,1,2022,4,12,31
2022-12-31,Marketable,Total Marketable,2.320,7,2023,1,2022,4,12,31
2022-12-31,Non-marketable,Domestic Series,7.577,8,2023,1,2022,4,12,31
2022-12-31,Non-marketable,Special Purpose Vehicle,3.382,9,2023,1,2022,4,12,31
2022-12-31,Non-marketable,Foreign Series,7.312,10,2023,1,2022,4,12,31
2022-12-31,Non-marketable,State and Local Government Series,1.923,11,2023,1,2022,4,12,31
2022-12-31,Non-marketable,United States Savings Securities,2.786,12,2023,1,2022,4,12,31
2022-12-31,Non-marketable,United States Savings Inflation Securities,9.621,13,2023,1,2022,4,12,31
2022-12-31,Non-marketable,Government Account Series,2.508,14,2023,1,2022,4,12,31
2022-12-31,Non-marketable,Government Account Series Inflation Securities,1.051,15,2023,1,2022,4,12,31
2022-12-31,Non-marketable,Total Non-marketable,2.508,16,2023,1,2022,4,12,31
2022-12-31,Interest-bearing Debt,Total Interest-bearing Debt,2.362,17,2023,1,2022,4,12,31
2022-11-30,Marketable,Treasury Bills,3.456,1,2023,1,2022,4,11,30
2022-11-30,Marketable,Treasury Notes,1.680,2,2023,1,2022,4,11,30
2022-11-30,Marketable,Treasury Bonds,3.012,3,2023,1,2022,4,11,30
2022-11-30,Marketable,Treasury Inflation-Protected Securities (TIPS),0.487,4,2023,1,2022,4,11,30
2022-11-30,Marketable,Treasury Floating Rate Notes (FRN),4.104,5,2023,1,2022,4,11,30
2022-11-30,Marketable,Federal Financing Bank,2.529,6,2023,1,2022,4,11,30
2022-11-30,Marketable,Total Marketable,2.237,7,2023,1,2022,4,11,30
2022-11-30,Non-marketable,Domestic Series,7.577,8,2023,1,2022,4,11,30
2022-11-30,Non-marketable,Special Purpose Vehicle,3.324,9,2023,1,2022,4,11,30
2022-11-30,Non-marketable,Foreign Series,7.312,10,2023,1,2022,4,11,30
2022-11-30,Non-marketable,State and Local Government Series,1.806,11,2023,1,2022,4,11,30
2022-11-30,Non-marketable,United States Savings Securities,2.694,12,2023,1,2022,4,11,30
2022-11-30,Non-marketable,United States Savings Inflation Securities,10.148,13,2023,1,2022,4,11,30
2022-11-30,Non-marketable,Government Account Series,2.127,14,2023,1,2022,4,11,30
2022-11-30,Non-marketable,Government Account Series Inflation Securities,0.988,15,2023,1,2022,4,11,30
2022-11-30,Non-marketable,Total Non-marketable,2.135,16,2023,1,2022,4,11,30
2022-11-30,Interest-bearing Debt,Total Interest-bearing Debt,2.217,17,2023,1,2022,4,11,30
2022-10-31,Marketable,Treasury Bills,2.924,1,2023,1,2022,4,10,31
2022-10-31,Marketable,Treasury Notes,1.631,2,2023,1,2022,4,10,31
2022-10-31,Marketable,Treasury Bonds,3.009,3,2023,1,2022,4,10,31
2022-10-31,Marketable,Treasury Inflation-Protected Securities (TIPS),0.478,4,2023,1,2022,4,10,31
2022-10-31,Marketable,Treasury Floating Rate Notes (FRN),4.041,5,2023,1,2022,4,10,31
2022-10-31,Marketable,Federal Financing Bank,2.529,6,2023,1,2022,4,10,31
2022-10-31,Marketable,Total Marketable,2.104,7,2023,1,2022,4,10,31
2022-10-31,Non-marketable,Domestic Series,7.577,8,2023,1,2022,4,10,31
2022-10-31,Non-marketable,Special Purpose Vehicle,3.102,9,2023,1,2022,4,10,31
2022-10-31,Non-marketable,Foreign Series,7.312,10,2023,1,2022,4,10,31
2022-10-31,Non-marketable,State and Local Government Series,1.652,11,2023,1,2022,4,10,31
2022-10-31,Non-marketable,United States Savings Securities,2.621,12,2023,1,2022,4,10,31
2022-10-31,Non-marketable,United States Savings Inflation Securities,7.688,13,2023,1,2022,4,10,31
2022-10-31,Non-marketable,Government Account Series,2.480,14,2023,1,2022,4,10,31
2022-10-31,Non-marketable,Government Account Series Inflation Securities,1.051,15,2023,1,2022,4,10,31
2022-10-31,Non-marketable,Total Non-marketable,2.474,16,2023,1,2022,4,10,31
2022-10-31,Interest-bearing Debt,Total Interest-bearing Debt,2.186,17,2023,1,2022,4,10,31
2022-09-30,Marketable,Treasury Bills,2.453,1,2022,4,2022,3,09,30
2022-09-30,Marketable,Treasury Notes,1.590,2,2022,4,2022,3,09,30
2022-09-30,Marketable,Treasury Bonds,3.001,3,2022,4,2022,3,09,30
2022-09-30,Marketable,Treasury Inflation-Protected Securities (TIPS),0.464,4,2022,4,2022,3,09,30
2022-09-30,Marketable,Treasury Floating Rate Notes (FRN),3.309,5,2022,4,2022,3,09,30
2022-09-30,Marketable,Federal Financing Bank,2.529,6,2022,4,2022,3,09,30
2022-09-30,Marketable,Total Marketable,1.994,7,2022,4,2022,3,09,30
2022-09-30,Non-marketable,Domestic Series,7.577,8,2022,4,2022,3,09,30
2022-09-30,Non-marketable,Special Purpose Vehicle,2.528,9,2022,4,2022,3,09,30
2022-09-30,Non-marketable,Foreign Series,7.312,10,2022,4,2022,3,09,30
2022-09-30,Non-marketable,State and Local Government Series,1.508,11,2022,4,2022,3,09,30
2022-09-30,Non-marketable,United States Savings Securities,2.637,12,2022,4,2022,3,09,30
2022-09-30,Non-marketable,United States Savings Inflation Securities,10.251,13,2022,4,2022,3,09,30
2022-09-30,Non-marketable,Government Account Series,2.349,14,2022,4,2022,3,09,30
2022-09-30,Non-marketable,Government Account Series Inflation Securities,1.006,15,2022,4,2022,3,09,30
2022-09-30,Non-marketable,Total Non-marketable,2.342,16,2022,4,2022,3,09,30
2022-09-30,Interest-bearing Debt,Total Interest-bearing Debt,2.070,17,2022,4,2022,3,09,30
2022-08-31,Marketable,Treasury Bills,1.971,1,2022,4,2022,3,08,31
2022-08-31,Marketable,Treasury Notes,1.552,2,2022,4,2022,3,08,31
2022-08-31,Marketable,Treasury Bonds,2.997,3,2022,4,2022,3,08,31
2022-08-31,Marketable,Treasury Inflation-Protected Securities (TIPS),0.458,4,2022,4,2022,3,08,31
2022-08-31,Marketable,Treasury Floating Rate Notes (FRN),2.917,5,2022,4,2022,3,08,31
2022-08-31,Marketable,Federal Financing Bank,2.529,6,2022,4,2022,3,08,31
2022-08-31,Marketable,Total Marketable,1.886,7,2022,4,2022,3,08,31
2022-08-31,Non-marketable,Domestic Series,7.577,8,2022,4,2022,3,08,31
2022-08-31,Non-marketable,Special Purpose Vehicle,2.225,9,2022,4,2022,3,08,31
2022-08-31,Non-marketable,Foreign Series,7.312,10,2022,4,2022,3,08,31
2022-08-31,Non-marketable,State and Local Government Series,1.282,11,2022,4,2022,3,08,31
2022-08-31,Non-marketable,United States Savings Securities,2.629,12,2022,4,2022,3,08,31
2022-08-31,Non-marketable,United States Savings Inflation Securities,10.028,13,2022,4,2022,3,08,31
2022-08-31,Non-marketable,Government Account Series,2.282,14,2022,4,2022,3,08,31
2022-08-31,Non-marketable,Government Account Series Inflation Securities,1.006,15,2022,4,2022,3,08,31
2022-08-31,Non-marketable,Total Non-marketable,2.274,16,2022,4,2022,3,08,31
2022-08-31,Interest-bearing Debt,Total Interest-bearing Debt,1.971,17,2022,4,2022,3,08,31
2022-07-31,Marketable,Treasury Bills,1.511,1,2022,4,2022,3,07,31
2022-07-31,Marketable,Treasury Notes,1.504,2,2022,4,2022,3,07,31
2022-07-31,Marketable,Treasury Bonds,3.004,3,2022,4,2022,3,07,31
2022-07-31,Marketable,Treasury Inflation-Protected Securities (TIPS),0.456,4,2022,4,2022,3,07,31
2022-07-31,Marketable,Treasury Floating Rate Notes (FRN),2.539,5,2022,4,2022,3,07,31
2022-07-31,Marketable,Federal Financing Bank,2.529,6,2022,4,2022,3,07,31
2022-07-31,Marketable,Total Marketable,1.777,7,2022,4,2022,3,07,31
2022-07-31,Non-marketable,Domestic Series,7.577,8,2022,4,2022,3,07,31
2022-07-31,Non-marketable,Special Purpose Vehicle,1.941,9,2022,4,2022,3,07,31
2022-07-31,Non-marketable,Foreign Series,7.312,10,2022,4,2022,3,07,31
2022-07-31,Non-marketable,State and Local Government Series,1.139,11,2022,4,2022,3,07,31
2022-07-31,Non-marketable,United States Savings Securities,2.612,12,2022,4,2022,3,07,31
2022-07-31,Non-marketable,United States Savings Inflation Securities,9.774,13,2022,4,2022,3,07,31
2022-07-31,Non-marketable,Government Account Series,2.270,14,2022,4,2022,3,07,31
2022-07-31,Non-marketable,Government Account Series Inflation Securities,1.006,15,2022,4,2022,3,07,31
2022-07-31,Non-marketable,Total Non-marketable,2.258,16,2022,4,2022,3,07,31
2022-07-31,Interest-bearing Debt,Total Interest-bearing Debt,1.884,17,2022,4,2022,3,07,31
2022-06-30,Marketable,Treasury Bills,1.073,1,2022,3,2022,2,06,30
2022-06-30,Marketable,Treasury Notes,1.492,2,2022,3,2022,2,06,30
2022-06-30,Marketable,Treasury Bonds,3.003,3,2022,3,2022,2,06,30
2022-06-30,Marketable,Treasury Inflation-Protected Securities (TIPS),0.419,4,2022,3,2022,2,06,30
2022-06-30,Marketable,Treasury Floating Rate Notes (FRN),1.774,5,2022,3,2022,2,06,30
2022-06-30,Marketable,Federal Financing Bank,2.529,6,2022,3,2022,2,06,30
2022-06-30,Marketable,Total Marketable,1.693,7,2022,3,2022,2,06,30
2022-06-30,Non-marketable,Domestic Series,7.577,8,2022,3,2022,2,06,30
2022-06-30,Non-marketable,Special Purpose Vehicle,1.341,9,2022,3,2022,2,06,30
2022-06-30,Non-marketable,Foreign Series,7.312,10,2022,3,2022,2,06,30
2022-06-30,Non-marketable,State and Local Government Series,0.999,11,2022,3,2022,2,06,30
2022-06-30,Non-marketable,United States Savings Securities,2.579,12,2022,3,2022,2,06,30
2022-06-30,Non-marketable,United States Savings Inflation Securities,9.315,13,2022,3,2022,2,06,30
2022-06-30,Non-marketable,Government Account Series,2.188,14,2022,3,2022,2,06,30
2022-06-30,Non-marketable,Government Account Series Inflation Securities,0.989,15,2022,3,2022,2,06,30
2022-06-30,Non-marketable,Total Non-marketable,2.173,16,2022,3,2022,2,06,30
2022-06-30,Interest-bearing Debt,Total Interest-bearing Debt,1.800,17,2022,3,2022,2,06,30
2022-05-31,Marketable,Treasury Bills,0.728,1,2022,3,2022,2,05,31
2022-05-31,Marketable,Treasury Notes,1.463,2,2022,3,2022,2,05,31
2022-05-31,Marketable,Treasury Bonds,3.000,3,2022,3,2022,2,05,31
2022-05-31,Marketable,Treasury Inflation-Protected Securities (TIPS),0.420,4,2022,3,2022,2,05,31
2022-05-31,Marketable,Treasury Floating Rate Notes (FRN),1.084,5,2022,3,2022,2,05,31
2022-05-31,Marketable,Federal Financing Bank,2.598,6,2022,3,2022,2,05,31
2022-05-31,Marketable,Total Marketable,1.607,7,2022,3,2022,2,05,31
2022-05-31,Non-marketable,Domestic Series,7.577,8,2022,3,2022,2,05,31
2022-05-31,Non-marketable,Special Purpose Vehicle,0.807,9,2022,3,2022,2,05,31
2022-05-31,Non-marketable,Foreign Series,7.312,10,2022,3,2022,2,05,31
2022-05-31,Non-marketable,State and Local Government Series,0.863,11,2022,3,2022,2,05,31
2022-05-31,Non-marketable,United States Savings Securities,2.530,12,2022,3,2022,2,05,31
2022-05-31,Non-marketable,United States Savings Inflation Securities,8.911,13,2022,3,2022,2,05,31
2022-05-31,Non-marketable,Government Account Series,2.202,14,2022,3,2022,2,05,31
2022-05-31,Non-marketable,Government Account Series Inflation Securities,0.989,15,2022,3,2022,2,05,31
2022-05-31,Non-marketable,Total Non-marketable,2.181,16,2022,3,2022,2,05,31
2022-05-31,Interest-bearing Debt,Total Interest-bearing Debt,1.734,17,2022,3,2022,2,05,31
2022-04-30,Marketable,Treasury Bills,0.505,1,2022,3,2022,2,04,30
2022-04-30,Marketable,Treasury Notes,1.420,2,2022,3,2022,2,04,30
2022-04-30,Marketable,Treasury Bonds,2.998,3,2022,3,2022,2,04,30
2022-04-30,Marketable,Treasury Inflation-Protected Securities (TIPS),0.421,4,2022,3,2022,2,04,30
2022-04-30,Marketable,Treasury Floating Rate Notes (FRN),0.920,5,2022,3,2022,2,04,30
2022-04-30,Marketable,Federal Financing Bank,2.598,6,2022,3,2022,2,04,30
2022-04-30,Marketable,Total Marketable,1.528,7,2022,3,2022,2,04,30
2022-04-30,Non-marketable,Domestic Series,7.577,8,2022,3,2022,2,04,30
2022-04-30,Non-marketable,Special Purpose Vehicle,0.678,9,2022,3,2022,2,04,30
2022-04-30,Non-marketable,Foreign Series,7.312,10,2022,3,2022,2,04,30
2022-04-30,Non-marketable,State and Local Government Series,0.793,11,2022,3,2022,2,04,30
2022-04-30,Non-marketable,United States Savings Securities,2.492,12,2022,3,2022,2,04,30
2022-04-30,Non-marketable,United States Savings Inflation Securities,8.522,13,2022,3,2022,2,04,30
2022-04-30,Non-marketable,Government Account Series,2.146,14,2022,3,2022,2,04,30
2022-04-30,Non-marketable,Government Account Series Inflation Securities,0.989,15,2022,3,2022,2,04,30
2022-04-30,Non-marketable,Total Non-marketable,2.123,16,2022,3,2022,2,04,30
2022-04-30,Interest-bearing Debt,Total Interest-bearing Debt,1.659,17,2022,3,2022,2,04,30
2022-03-31,Marketable,Treasury Bills,0.329,1,2022,2,2022,1,03,31
2022-03-31,Marketable,Treasury Notes,1.411,2,2022,2,2022,1,03,31
2022-03-31,Marketable,Treasury Bonds,2.999,3,2022,2,2022,1,03,31
2022-03-31,Marketable,Treasury Inflation-Protected Securities (TIPS),0.421,4,2022,2,2022,1,03,31
2022-03-31,Marketable,Treasury Floating Rate Notes (FRN),0.642,5,2022,2,2022,1,03,31
2022-03-31,Marketable,Federal Financing Bank,2.598,6,2022,2,2022,1,03,31
2022-03-31,Marketable,Total Marketable,1.482,7,2022,2,2022,1,03,31
2022-03-31,Non-marketable,Domestic Series,7.577,8,2022,2,2022,1,03,31
2022-03-31,Non-marketable,Special Purpose Vehicle,0.459,9,2022,2,2022,1,03,31
2022-03-31,Non-marketable,Foreign Series,7.312,10,2022,2,2022,1,03,31
2022-03-31,Non-marketable,State and Local Government Series,0.759,11,2022,2,2022,1,03,31
2022-03-31,Non-marketable,United States Savings Securities,2.498,12,2022,2,2022,1,03,31
2022-03-31,Non-marketable,United States Savings Inflation Securities,7.859,13,2022,2,2022,1,03,31
2022-03-31,Non-marketable,Government Account Series,2.075,14,2022,2,2022,1,03,31
2022-03-31,Non-marketable,Government Account Series Inflation Securities,0.992,15,2022,2,2022,1,03,31
2022-03-31,Non-marketable,Total Non-marketable,2.053,16,2022,2,2022,1,03,31
2022-03-31,Interest-bearing Debt,Total Interest-bearing Debt,1.608,17,2022,2,2022,1,03,31
2022-02-28,Marketable,Treasury Bills,0.185,1,2022,2,2022,1,02,28
2022-02-28,Marketable,Treasury Notes,1.396,2,2022,2,2022,1,02,28
2022-02-28,Marketable,Treasury Bonds,3.005,3,2022,2,2022,1,02,28
2022-02-28,Marketable,Treasury Inflation-Protected Securities (TIPS),0.431,4,2022,2,2022,1,02,28
2022-02-28,Marketable,Treasury Floating Rate Notes (FRN),0.421,5,2022,2,2022,1,02,28
2022-02-28,Marketable,Federal Financing Bank,2.598,6,2022,2,2022,1,02,28
2022-02-28,Marketable,Total Marketable,1.436,7,2022,2,2022,1,02,28
2022-02-28,Non-marketable,Domestic Series,7.577,8,2022,2,2022,1,02,28
2022-02-28,Non-marketable,Special Purpose Vehicle,0.280,9,2022,2,2022,1,02,28
2022-02-28,Non-marketable,Foreign Series,7.312,10,2022,2,2022,1,02,28
2022-02-28,Non-marketable,State and Local Government Series,0.751,11,2022,2,2022,1,02,28
2022-02-28,Non-marketable,United States Savings Securities,2.504,12,2022,2,2022,1,02,28
2022-02-28,Non-marketable,United States Savings Inflation Securities,7.479,13,2022,2,2022,1,02,28
2022-02-28,Non-marketable,Government Account Series,2.058,14,2022,2,2022,1,02,28
2022-02-28,Non-marketable,Government Account Series Inflation Securities,0.991,15,2022,2,2022,1,02,28
2022-02-28,Non-marketable,Total Non-marketable,2.038,16,2022,2,2022,1,02,28
2022-02-28,Interest-bearing Debt,Total Interest-bearing Debt,1.568,17,2022,2,2022,1,02,28
2022-01-31,Marketable,Treasury Bills,0.103,1,2022,2,2022,1,01,31
2022-01-31,Marketable,Treasury Notes,1.396,2,2022,2,2022,1,01,31
2022-01-31,Marketable,Treasury Bonds,3.016,3,2022,2,2022,1,01,31
2022-01-31,Marketable,Treasury Inflation-Protected Securities (TIPS),0.433,4,2022,2,2022,1,01,31
2022-01-31,Marketable,Treasury Floating Rate Notes (FRN),0.234,5,2022,2,2022,1,01,31
2022-01-31,Marketable,Federal Financing Bank,2.598,6,2022,2,2022,1,01,31
2022-01-31,Marketable,Total Marketable,1.424,7,2022,2,2022,1,01,31
2022-01-31,Non-marketable,Domestic Series,7.577,8,2022,2,2022,1,01,31
2022-01-31,Non-marketable,Special Purpose Vehicle,0.140,9,2022,2,2022,1,01,31
2022-01-31,Non-marketable,Foreign Series,7.312,10,2022,2,2022,1,01,31
2022-01-31,Non-marketable,State and Local Government Series,0.755,11,2022,2,2022,1,01,31
2022-01-31,Non-marketable,United States Savings Securities,2.512,12,2022,2,2022,1,01,31
2022-01-31,Non-marketable,United States Savings Inflation Securities,7.054,13,2022,2,2022,1,01,31
2022-01-31,Non-marketable,Government Account Series,2.040,14,2022,2,2022,1,01,31
2022-01-31,Non-marketable,Government Account Series Inflation Securities,0.991,15,2022,2,2022,1,01,31
2022-01-31,Non-marketable,Total Non-marketable,2.021,16,2022,2,2022,1,01,31
2022-01-31,Interest-bearing Debt,Total Interest-bearing Debt,1.556,17,2022,2,2022,1,01,31
2021-12-31,Marketable,Treasury Bills,0.071,1,2022,1,2021,4,12,31
2021-12-31,Marketable,Treasury Notes,1.401,2,2022,1,2021,4,12,31
2021-12-31,Marketable,Treasury Bonds,3.028,3,2022,1,2021,4,12,31
2021-12-31,Marketable,Treasury Floating Rate Notes (FRN),0.145,5,2022,1,2021,4,12,31
2021-12-31,Marketable,Federal Financing Bank,2.598,6,2022,1,2021,4,12,31
2021-12-31,Marketable,Total Marketable,1.432,7,2022,1,2021,4,12,31
2021-12-31,Non-marketable,Domestic Series,7.577,8,2022,1,2021,4,12,31
2021-12-31,Non-marketable,Special Purpose Vehicle,0.060,9,2022,1,2021,4,12,31
2021-12-31,Non-marketable,Foreign Series,7.312,10,2022,1,2021,4,12,31
2021-12-31,Non-marketable,State and Local Government Series,0.759,11,2022,1,2021,4,12,31
2021-12-31,Marketable,Treasury Inflation-Protected Securities (TIPS),0.426,4,2022,1,2021,4,12,31
2021-12-31,Non-marketable,United States Savings Securities,2.525,12,2022,1,2021,4,12,31
2021-12-31,Non-marketable,United States Savings Inflation Securities,6.400,13,2022,1,2021,4,12,31
2021-12-31,Non-marketable,Government Account Series,2.046,14,2022,1,2021,4,12,31
2021-12-31,Non-marketable,Government Account Series Inflation Securities,0.988,15,2022,1,2021,4,12,31
2021-12-31,Non-marketable,Total Non-marketable,2.026,16,2022,1,2021,4,12,31
2021-12-31,Interest-bearing Debt,Total Interest-bearing Debt,1.565,17,2022,1,2021,4,12,31
2021-11-30,Marketable,Treasury Bills,0.061,1,2022,1,2021,4,11,30
2021-11-30,Marketable,Treasury Notes,1.415,2,2022,1,2021,4,11,30
2021-11-30,Marketable,Treasury Bonds,3.043,3,2022,1,2021,4,11,30
2021-11-30,Marketable,Treasury Floating Rate Notes (FRN),0.111,5,2022,1,2021,4,11,30
2021-11-30,Marketable,Federal Financing Bank,2.598,6,2022,1,2021,4,11,30
2021-11-30,Marketable,Total Marketable,1.437,7,2022,1,2021,4,11,30
2021-11-30,Non-marketable,Domestic Series,7.577,8,2022,1,2021,4,11,30
2021-11-30,Non-marketable,Special Purpose Vehicle,0.030,9,2022,1,2021,4,11,30
2021-11-30,Non-marketable,Foreign Series,7.312,10,2022,1,2021,4,11,30
2021-11-30,Non-marketable,State and Local Government Series,0.757,11,2022,1,2021,4,11,30
2021-11-30,Non-marketable,United States Savings Securities,2.525,12,2022,1,2021,4,11,30
2021-11-30,Marketable,Treasury Inflation-Protected Securities (TIPS),0.449,4,2022,1,2021,4,11,30
2021-11-30,Non-marketable,United States Savings Inflation Securities,5.818,13,2022,1,2021,4,11,30
2021-11-30,Non-marketable,Government Account Series,2.127,14,2022,1,2021,4,11,30
2021-11-30,Non-marketable,Government Account Series Inflation Securities,0.988,15,2022,1,2021,4,11,30
2021-11-30,Non-marketable,Total Non-marketable,2.102,16,2022,1,2021,4,11,30
2021-11-30,Interest-bearing Debt,Total Interest-bearing Debt,1.577,17,2022,1,2021,4,11,30
2021-10-31,Marketable,Treasury Bills,0.056,1,2022,1,2021,4,10,31
2021-10-31,Marketable,Treasury Notes,1.441,2,2022,1,2021,4,10,31
2021-10-31,Marketable,Treasury Bonds,3.116,3,2022,1,2021,4,10,31
2021-10-31,Non-marketable,United States Savings Securities,2.522,12,2022,1,2021,4,10,31
2021-10-31,Non-marketable,United States Savings Inflation Securities,5.272,13,2022,1,2021,4,10,31
2021-10-31,Non-marketable,Government Account Series,2.104,14,2022,1,2021,4,10,31
2021-10-31,Non-marketable,Government Account Series Inflation Securities,0.988,15,2022,1,2021,4,10,31
2021-10-31,Non-marketable,Total Non-marketable,2.077,16,2022,1,2021,4,10,31
2021-10-31,Interest-bearing Debt,Total Interest-bearing Debt,1.592,17,2022,1,2021,4,10,31
2021-10-31,Marketable,Federal Financing Bank,2.598,6,2022,1,2021,4,10,31
2021-10-31,Marketable,Treasury Inflation-Protected Securities (TIPS),0.465,4,2022,1,2021,4,10,31
2021-10-31,Marketable,Treasury Floating Rate Notes (FRN),0.119,5,2022,1,2021,4,10,31
2021-10-31,Marketable,Total Marketable,1.455,7,2022,1,2021,4,10,31
2021-10-31,Non-marketable,Domestic Series,7.577,8,2022,1,2021,4,10,31
2021-10-31,Non-marketable,Special Purpose Vehicle,0.030,9,2022,1,2021,4,10,31
2021-10-31,Non-marketable,Foreign Series,7.312,10,2022,1,2021,4,10,31
2021-10-31,Non-marketable,State and Local Government Series,0.748,11,2022,1,2021,4,10,31
2021-09-30,Marketable,Treasury Bills,0.053,1,2021,4,2021,3,09,30
2021-09-30,Marketable,Treasury Notes,1.450,2,2021,4,2021,3,09,30
2021-09-30,Marketable,Treasury Bonds,3.124,3,2021,4,2021,3,09,30
2021-09-30,Marketable,Treasury Floating Rate Notes (FRN),0.435,5,2021,4,2021,3,09,30
2021-09-30,Marketable,Federal Financing Bank,2.598,6,2021,4,2021,3,09,30
2021-09-30,Marketable,Total Marketable,1.470,7,2021,4,2021,3,09,30
2021-09-30,Non-marketable,Domestic Series,7.577,8,2021,4,2021,3,09,30
2021-09-30,Non-marketable,Special Purpose Vehicle,0.020,9,2021,4,2021,3,09,30
2021-09-30,Non-marketable,Foreign Series,7.312,10,2021,4,2021,3,09,30
2021-09-30,Non-marketable,State and Local Government Series,0.734,11,2021,4,2021,3,09,30
2021-09-30,Non-marketable,United States Savings Securities,2.518,12,2021,4,2021,3,09,30
2021-09-30,Non-marketable,United States Savings Inflation Securities,4.822,13,2021,4,2021,3,09,30
2021-09-30,Non-marketable,Government Account Series,2.123,14,2021,4,2021,3,09,30
2021-09-30,Non-marketable,Government Account Series Inflation Securities,1.106,15,2021,4,2021,3,09,30
2021-09-30,Marketable,Treasury Inflation-Protected Securities (TIPS),0.492,4,2021,4,2021,3,09,30
2021-09-30,Non-marketable,Total Non-marketable,2.092,16,2021,4,2021,3,09,30
2021-09-30,Interest-bearing Debt,Total Interest-bearing Debt,1.605,17,2021,4,2021,3,09,30
2021-08-31,Marketable,Treasury Bills,0.051,1,2021,4,2021,3,08,31
2021-08-31,Marketable,Treasury Notes,1.470,2,2021,4,2021,3,08,31
2021-08-31,Marketable,Treasury Bonds,3.145,3,2021,4,2021,3,08,31
2021-08-31,Marketable,Treasury Floating Rate Notes (FRN),0.142,5,2021,4,2021,3,08,31
2021-08-31,Marketable,Federal Financing Bank,2.598,6,2021,4,2021,3,08,31
2021-08-31,Marketable,Total Marketable,1.458,7,2021,4,2021,3,08,31
2021-08-31,Non-marketable,Domestic Series,7.577,8,2021,4,2021,3,08,31
2021-08-31,Non-marketable,Special Purpose Vehicle,0.020,9,2021,4,2021,3,08,31
2021-08-31,Non-marketable,Foreign Series,7.312,10,2021,4,2021,3,08,31
2021-08-31,Non-marketable,State and Local Government Series,0.727,11,2021,4,2021,3,08,31
2021-08-31,Non-marketable,United States Savings Securities,2.514,12,2021,4,2021,3,08,31
2021-08-31,Non-marketable,United States Savings Inflation Securities,4.587,13,2021,4,2021,3,08,31
2021-08-31,Non-marketable,Government Account Series,2.130,14,2021,4,2021,3,08,31
2021-08-31,Marketable,Treasury Inflation-Protected Securities (TIPS),0.507,4,2021,4,2021,3,08,31
2021-08-31,Non-marketable,Government Account Series Inflation Securities,1.106,15,2021,4,2021,3,08,31
2021-08-31,Non-marketable,Total Non-marketable,2.094,16,2021,4,2021,3,08,31
2021-08-31,Interest-bearing Debt,Total Interest-bearing Debt,1.595,17,2021,4,2021,3,08,31
2021-07-31,Marketable,Treasury Inflation-Protected Securities (TIPS),0.512,4,2021,4,2021,3,07,31
2021-07-31,Non-marketable,Total Non-marketable,2.081,16,2021,4,2021,3,07,31
2021-07-31,Marketable,Treasury Bills,0.047,1,2021,4,2021,3,07,31
2021-07-31,Marketable,Treasury Notes,1.512,2,2021,4,2021,3,07,31
2021-07-31,Marketable,Treasury Bonds,3.196,3,2021,4,2021,3,07,31
2021-07-31,Marketable,Treasury Floating Rate Notes (FRN),0.145,5,2021,4,2021,3,07,31
2021-07-31,Marketable,Federal Financing Bank,2.598,6,2021,4,2021,3,07,31
2021-07-31,Marketable,Total Marketable,1.476,7,2021,4,2021,3,07,31
2021-07-31,Non-marketable,Domestic Series,7.577,8,2021,4,2021,3,07,31
2021-07-31,Non-marketable,Special Purpose Vehicle,0.030,9,2021,4,2021,3,07,31
2021-07-31,Non-marketable,Foreign Series,7.312,10,2021,4,2021,3,07,31
2021-07-31,Non-marketable,State and Local Government Series,0.724,11,2021,4,2021,3,07,31
2021-07-31,Non-marketable,United States Savings Securities,2.510,12,2021,4,2021,3,07,31
2021-07-31,Non-marketable,United States Savings Inflation Securities,4.334,13,2021,4,2021,3,07,31
2021-07-31,Non-marketable,Government Account Series,2.116,14,2021,4,2021,3,07,31
2021-07-31,Non-marketable,Government Account Series Inflation Securities,1.106,15,2021,4,2021,3,07,31
2021-07-31,Interest-bearing Debt,Total Interest-bearing Debt,1.613,17,2021,4,2021,3,07,31
2021-06-30,Marketable,Treasury Bills,0.045,1,2021,3,2021,2,06,30
2021-06-30,Marketable,Treasury Notes,1.524,2,2021,3,2021,2,06,30
2021-06-30,Marketable,Treasury Bonds,3.208,3,2021,3,2021,2,06,30
2021-06-30,Marketable,Treasury Inflation-Protected Securities (TIPS),0.522,4,2021,3,2021,2,06,30
2021-06-30,Marketable,Federal Financing Bank,2.598,6,2021,3,2021,2,06,30
2021-06-30,Marketable,Total Marketable,1.472,7,2021,3,2021,2,06,30
2021-06-30,Non-marketable,Domestic Series,7.577,8,2021,3,2021,2,06,30
2021-06-30,Non-marketable,Special Purpose Vehicle,0.030,9,2021,3,2021,2,06,30
2021-06-30,Non-marketable,Foreign Series,7.312,10,2021,3,2021,2,06,30
2021-06-30,Non-marketable,State and Local Government Series,0.809,11,2021,3,2021,2,06,30
2021-06-30,Non-marketable,United States Savings Securities,2.504,12,2021,3,2021,2,06,30
2021-06-30,Non-marketable,United States Savings Inflation Securities,3.973,13,2021,3,2021,2,06,30
2021-06-30,Non-marketable,Government Account Series,2.105,14,2021,3,2021,2,06,30
2021-06-30,Non-marketable,Government Account Series Inflation Securities,1.106,15,2021,3,2021,2,06,30
2021-06-30,Non-marketable,Total Non-marketable,2.075,16,2021,3,2021,2,06,30
2021-06-30,Interest-bearing Debt,Total Interest-bearing Debt,1.609,17,2021,3,2021,2,06,30
2021-06-30,Marketable,Treasury Floating Rate Notes (FRN),0.155,5,2021,3,2021,2,06,30
2021-05-31,Marketable,Treasury Bills,0.049,1,2021,3,2021,2,05,31
2021-05-31,Marketable,Treasury Notes,1.562,2,2021,3,2021,2,05,31
2021-05-31,Marketable,Treasury Bonds,3.236,3,2021,3,2021,2,05,31
2021-05-31,Marketable,Treasury Inflation-Protected Securities (TIPS),0.546,4,2021,3,2021,2,05,31
2021-05-31,Marketable,Federal Financing Bank,2.644,6,2021,3,2021,2,05,31
2021-05-31,Marketable,Treasury Floating Rate Notes (FRN),0.129,5,2021,3,2021,2,05,31
2021-05-31,Marketable,Total Marketable,1.485,7,2021,3,2021,2,05,31
2021-05-31,Non-marketable,Domestic Series,7.577,8,2021,3,2021,2,05,31
2021-05-31,Non-marketable,Special Purpose Vehicle,0.000,9,2021,3,2021,2,05,31
2021-05-31,Non-marketable,Foreign Series,7.312,10,2021,3,2021,2,05,31
2021-05-31,Non-marketable,State and Local Government Series,0.817,11,2021,3,2021,2,05,31
2021-05-31,Non-marketable,United States Savings Securities,2.497,12,2021,3,2021,2,05,31
2021-05-31,Non-marketable,United States Savings Inflation Securities,3.694,13,2021,3,2021,2,05,31
2021-05-31,Non-marketable,Government Account Series,2.230,14,2021,3,2021,2,05,31
2021-05-31,Non-marketable,Government Account Series Inflation Securities,1.106,15,2021,3,2021,2,05,31
2021-05-31,Non-marketable,Total Non-marketable,2.191,16,2021,3,2021,2,05,31
2021-05-31,Interest-bearing Debt,Total Interest-bearing Debt,1.647,17,2021,3,2021,2,05,31
2021-04-30,Marketable,Treasury Notes,1.585,2,2021,3,2021,2,04,30
2021-04-30,Marketable,Treasury Bonds,3.264,3,2021,3,2021,2,04,30
2021-04-30,Marketable,Treasury Inflation-Protected Securities (TIPS),0.558,4,2021,3,2021,2,04,30
2021-04-30,Marketable,Federal Financing Bank,2.644,6,2021,3,2021,2,04,30
2021-04-30,Marketable,Total Marketable,1.491,7,2021,3,2021,2,04,30
2021-04-30,Non-marketable,Domestic Series,7.577,8,2021,3,2021,2,04,30
2021-04-30,Non-marketable,Special Purpose Vehicle,0.010,9,2021,3,2021,2,04,30
2021-04-30,Non-marketable,Foreign Series,7.312,10,2021,3,2021,2,04,30
2021-04-30,Non-marketable,State and Local Government Series,0.839,11,2021,3,2021,2,04,30
2021-04-30,Non-marketable,United States Savings Securities,2.493,12,2021,3,2021,2,04,30
2021-04-30,Non-marketable,United States Savings Inflation Securities,3.425,13,2021,3,2021,2,04,30
2021-04-30,Non-marketable,Government Account Series,2.246,14,2021,3,2021,2,04,30
2021-04-30,Marketable,Treasury Floating Rate Notes (FRN),0.138,5,2021,3,2021,2,04,30
2021-04-30,Non-marketable,Government Account Series Inflation Securities,1.106,15,2021,3,2021,2,04,30
2021-04-30,Non-marketable,Total Non-marketable,2.207,16,2021,3,2021,2,04,30
2021-04-30,Interest-bearing Debt,Total Interest-bearing Debt,1.653,17,2021,3,2021,2,04,30
2021-04-30,Marketable,Treasury Bills,0.060,1,2021,3,2021,2,04,30
2021-03-31,Marketable,Treasury Notes,1.613,2,2021,2,2021,1,03,31
2021-03-31,Marketable,Treasury Bonds,3.282,3,2021,2,2021,1,03,31
2021-03-31,Marketable,Treasury Inflation-Protected Securities (TIPS),0.569,4,2021,2,2021,1,03,31
2021-03-31,Marketable,Federal Financing Bank,2.644,6,2021,2,2021,1,03,31
2021-03-31,Marketable,Total Marketable,1.499,7,2021,2,2021,1,03,31
2021-03-31,Non-marketable,Domestic Series,7.577,8,2021,2,2021,1,03,31
2021-03-31,Non-marketable,Special Purpose Vehicle,0.010,9,2021,2,2021,1,03,31
2021-03-31,Non-marketable,Foreign Series,7.312,10,2021,2,2021,1,03,31
2021-03-31,Non-marketable,State and Local Government Series,0.871,11,2021,2,2021,1,03,31
2021-03-31,Non-marketable,United States Savings Securities,2.548,12,2021,2,2021,1,03,31
2021-03-31,Non-marketable,United States Savings Inflation Securities,3.269,13,2021,2,2021,1,03,31
2021-03-31,Non-marketable,Government Account Series,2.221,14,2021,2,2021,1,03,31
2021-03-31,Non-marketable,Government Account Series Inflation Securities,1.105,15,2021,2,2021,1,03,31
2021-03-31,Non-marketable,Total Non-marketable,2.185,16,2021,2,2021,1,03,31
2021-03-31,Marketable,Treasury Floating Rate Notes (FRN),0.141,5,2021,2,2021,1,03,31
2021-03-31,Interest-bearing Debt,Total Interest-bearing Debt,1.656,17,2021,2,2021,1,03,31
2021-03-31,Marketable,Treasury Bills,0.076,1,2021,2,2021,1,03,31
2021-02-28,Marketable,Treasury Bills,0.090,1,2021,2,2021,1,02,28
2021-02-28,Marketable,Treasury Notes,1.661,2,2021,2,2021,1,02,28
2021-02-28,Marketable,Treasury Bonds,3.315,3,2021,2,2021,1,02,28
2021-02-28,Marketable,Treasury Inflation-Protected Securities (TIPS),0.581,4,2021,2,2021,1,02,28
2021-02-28,Marketable,Federal Financing Bank,2.644,6,2021,2,2021,1,02,28
2021-02-28,Marketable,Total Marketable,1.512,7,2021,2,2021,1,02,28
2021-02-28,Non-marketable,Domestic Series,7.577,8,2021,2,2021,1,02,28
2021-02-28,Non-marketable,Special Purpose Vehicle,0.010,9,2021,2,2021,1,02,28
2021-02-28,Non-marketable,Foreign Series,7.312,10,2021,2,2021,1,02,28
2021-02-28,Non-marketable,State and Local Government Series,0.915,11,2021,2,2021,1,02,28
2021-02-28,Non-marketable,United States Savings Securities,2.598,12,2021,2,2021,1,02,28
2021-02-28,Non-marketable,United States Savings Inflation Securities,3.190,13,2021,2,2021,1,02,28
2021-02-28,Non-marketable,Government Account Series,2.204,14,2021,2,2021,1,02,28
2021-02-28,Non-marketable,Government Account Series Inflation Securities,1.105,15,2021,2,2021,1,02,28
2021-02-28,Non-marketable,Total Non-marketable,2.171,16,2021,2,2021,1,02,28
2021-02-28,Interest-bearing Debt,Total Interest-bearing Debt,1.664,17,2021,2,2021,1,02,28
2021-02-28,Marketable,Treasury Floating Rate Notes (FRN),0.173,5,2021,2,2021,1,02,28
2021-01-31,Marketable,Treasury Bills,0.109,1,2021,2,2021,1,01,31
2021-01-31,Marketable,Treasury Notes,1.713,2,2021,2,2021,1,01,31
2021-01-31,Marketable,Treasury Bonds,3.364,3,2021,2,2021,1,01,31
2021-01-31,Marketable,Treasury Inflation-Protected Securities (TIPS),0.585,4,2021,2,2021,1,01,31
2021-01-31,Marketable,Federal Financing Bank,2.644,6,2021,2,2021,1,01,31
2021-01-31,Marketable,Total Marketable,1.541,7,2021,2,2021,1,01,31
2021-01-31,Non-marketable,Domestic Series,7.577,8,2021,2,2021,1,01,31
2021-01-31,Non-marketable,Special Purpose Vehicle,0.050,9,2021,2,2021,1,01,31
2021-01-31,Non-marketable,Foreign Series,7.312,10,2021,2,2021,1,01,31
2021-01-31,Non-marketable,State and Local Government Series,0.950,11,2021,2,2021,1,01,31
2021-01-31,Non-marketable,United States Savings Securities,2.646,12,2021,2,2021,1,01,31
2021-01-31,Non-marketable,United States Savings Inflation Securities,3.105,13,2021,2,2021,1,01,31
2021-01-31,Non-marketable,Government Account Series,2.201,14,2021,2,2021,1,01,31
2021-01-31,Non-marketable,Government Account Series Inflation Securities,1.105,15,2021,2,2021,1,01,31
2021-01-31,Non-marketable,Total Non-marketable,2.170,16,2021,2,2021,1,01,31
2021-01-31,Interest-bearing Debt,Total Interest-bearing Debt,1.687,17,2021,2,2021,1,01,31
2021-01-31,Marketable,Treasury Floating Rate Notes (FRN),0.229,5,2021,2,2021,1,01,31
2020-12-31,Marketable,Treasury Bills,0.121,1,2021,1,2020,4,12,31
2020-12-31,Marketable,Treasury Notes,1.728,2,2021,1,2020,4,12,31
2020-12-31,Marketable,Treasury Bonds,3.377,3,2021,1,2020,4,12,31
2020-12-31,Marketable,Treasury Inflation-Protected Securities (TIPS),0.613,4,2021,1,2020,4,12,31
2020-12-31,Marketable,Federal Financing Bank,2.644,6,2021,1,2020,4,12,31
2020-12-31,Marketable,Total Marketable,1.552,7,2021,1,2020,4,12,31
2020-12-31,Non-marketable,Domestic Series,7.848,8,2021,1,2020,4,12,31
2020-12-31,Non-marketable,Special Purpose Vehicle,0.060,9,2021,1,2020,4,12,31
2020-12-31,Non-marketable,Foreign Series,7.312,10,2021,1,2020,4,12,31
2020-12-31,Non-marketable,State and Local Government Series,0.965,11,2021,1,2020,4,12,31
2020-12-31,Non-marketable,United States Savings Securities,2.703,12,2021,1,2020,4,12,31
2020-12-31,Non-marketable,United States Savings Inflation Securities,2.985,13,2021,1,2020,4,12,31
2020-12-31,Non-marketable,Government Account Series,2.210,14,2021,1,2020,4,12,31
2020-12-31,Non-marketable,Government Account Series Inflation Securities,1.105,15,2021,1,2020,4,12,31
2020-12-31,Non-marketable,Total Non-marketable,2.165,16,2021,1,2020,4,12,31
2020-12-31,Interest-bearing Debt,Total Interest-bearing Debt,1.695,17,2021,1,2020,4,12,31
2020-12-31,Marketable,Treasury Floating Rate Notes (FRN),0.220,5,2021,1,2020,4,12,31
2020-11-30,Marketable,Treasury Bills,0.146,1,2021,1,2020,4,11,30
2020-11-30,Marketable,Treasury Notes,1.769,2,2021,1,2020,4,11,30
2020-11-30,Marketable,Treasury Bonds,3.411,3,2021,1,2020,4,11,30
2020-11-30,Marketable,Treasury Inflation-Protected Securities (TIPS),0.639,4,2021,1,2020,4,11,30
2020-11-30,Marketable,Federal Financing Bank,2.644,6,2021,1,2020,4,11,30
2020-11-30,Marketable,Total Marketable,1.583,7,2021,1,2020,4,11,30
2020-11-30,Non-marketable,Domestic Series,7.848,8,2021,1,2020,4,11,30
2020-11-30,Non-marketable,Special Purpose Vehicle,0.060,9,2021,1,2020,4,11,30
2020-11-30,Non-marketable,Foreign Series,7.312,10,2021,1,2020,4,11,30
2020-11-30,Non-marketable,State and Local Government Series,0.988,11,2021,1,2020,4,11,30
2020-11-30,Non-marketable,United States Savings Securities,2.765,12,2021,1,2020,4,11,30
2020-11-30,Non-marketable,United States Savings Inflation Securities,2.892,13,2021,1,2020,4,11,30
2020-11-30,Non-marketable,Government Account Series,2.224,14,2021,1,2020,4,11,30
2020-11-30,Non-marketable,Government Account Series Inflation Securities,1.105,15,2021,1,2020,4,11,30
2020-11-30,Non-marketable,Total Non-marketable,2.179,16,2021,1,2020,4,11,30
2020-11-30,Interest-bearing Debt,Total Interest-bearing Debt,1.723,17,2021,1,2020,4,11,30
2020-11-30,Marketable,Treasury Floating Rate Notes (FRN),0.239,5,2021,1,2020,4,11,30
2020-10-31,Marketable,Treasury Notes,1.844,2,2021,1,2020,4,10,31
2020-10-31,Marketable,Treasury Bonds,3.474,3,2021,1,2020,4,10,31
2020-10-31,Marketable,Treasury Inflation-Protected Securities (TIPS),0.653,4,2021,1,2020,4,10,31
2020-10-31,Marketable,Federal Financing Bank,2.644,6,2021,1,2020,4,10,31
2020-10-31,Marketable,Total Marketable,1.625,7,2021,1,2020,4,10,31
2020-10-31,Non-marketable,Domestic Series,7.848,8,2021,1,2020,4,10,31
2020-10-31,Non-marketable,Special Purpose Vehicle,0.070,9,2021,1,2020,4,10,31
2020-10-31,Non-marketable,Foreign Series,7.312,10,2021,1,2020,4,10,31
2020-10-31,Non-marketable,State and Local Government Series,1.028,11,2021,1,2020,4,10,31
2020-10-31,Non-marketable,United States Savings Securities,2.816,12,2021,1,2020,4,10,31
2020-10-31,Non-marketable,United States Savings Inflation Securities,2.803,13,2021,1,2020,4,10,31
2020-10-31,Non-marketable,Government Account Series,2.243,14,2021,1,2020,4,10,31
2020-10-31,Non-marketable,Government Account Series Inflation Securities,1.105,15,2021,1,2020,4,10,31
2020-10-31,Non-marketable,Total Non-marketable,2.199,16,2021,1,2020,4,10,31
2020-10-31,Interest-bearing Debt,Total Interest-bearing Debt,1.761,17,2021,1,2020,4,10,31
2020-10-31,Marketable,Treasury Floating Rate Notes (FRN),0.261,5,2021,1,2020,4,10,31
2020-10-31,Marketable,Treasury Bills,0.161,1,2021,1,2020,4,10,31
2020-09-30,Marketable,Treasury Bills,0.179,1,2020,4,2020,3,09,30
2020-09-30,Marketable,Treasury Notes,1.858,2,2020,4,2020,3,09,30
2020-09-30,Marketable,Treasury Bonds,3.490,3,2020,4,2020,3,09,30
2020-09-30,Marketable,Treasury Inflation-Protected Securities (TIPS),0.677,4,2020,4,2020,3,09,30
2020-09-30,Marketable,Federal Financing Bank,2.644,6,2020,4,2020,3,09,30
2020-09-30,Marketable,Total Marketable,1.635,7,2020,4,2020,3,09,30
2020-09-30,Non-marketable,Domestic Series,8.044,8,2020,4,2020,3,09,30
2020-09-30,Non-marketable,Special Purpose Vehicle,0.070,9,2020,4,2020,3,09,30
2020-09-30,Non-marketable,Foreign Series,7.312,10,2020,4,2020,3,09,30
2020-09-30,Non-marketable,State and Local Government Series,1.151,11,2020,4,2020,3,09,30
2020-09-30,Non-marketable,United States Savings Securities,2.847,12,2020,4,2020,3,09,30
2020-09-30,Non-marketable,United States Savings Inflation Securities,3.041,13,2020,4,2020,3,09,30
2020-09-30,Non-marketable,Government Account Series,2.256,14,2020,4,2020,3,09,30
2020-09-30,Non-marketable,Government Account Series Inflation Securities,1.257,15,2020,4,2020,3,09,30
2020-09-30,Non-marketable,Total Non-marketable,2.221,16,2020,4,2020,3,09,30
2020-09-30,Interest-bearing Debt,Total Interest-bearing Debt,1.772,17,2020,4,2020,3,09,30
2020-09-30,Marketable,Treasury Floating Rate Notes (FRN),0.261,5,2020,4,2020,3,09,30
2020-08-31,Marketable,Treasury Bills,0.207,1,2020,4,2020,3,08,31
2020-08-31,Marketable,Treasury Notes,1.898,2,2020,4,2020,3,08,31
2020-08-31,Marketable,Treasury Bonds,3.529,3,2020,4,2020,3,08,31
2020-08-31,Marketable,Treasury Inflation-Protected Securities (TIPS),0.693,4,2020,4,2020,3,08,31
2020-08-31,Marketable,Federal Financing Bank,2.644,6,2020,4,2020,3,08,31
2020-08-31,Marketable,Total Marketable,1.661,7,2020,4,2020,3,08,31
2020-08-31,Non-marketable,Domestic Series,8.044,8,2020,4,2020,3,08,31
2020-08-31,Non-marketable,Special Purpose Vehicle,0.070,9,2020,4,2020,3,08,31
2020-08-31,Non-marketable,Foreign Series,7.312,10,2020,4,2020,3,08,31
2020-08-31,Non-marketable,State and Local Government Series,1.290,11,2020,4,2020,3,08,31
2020-08-31,Non-marketable,United States Savings Securities,2.875,12,2020,4,2020,3,08,31
2020-08-31,Non-marketable,United States Savings Inflation Securities,3.163,13,2020,4,2020,3,08,31
2020-08-31,Non-marketable,Government Account Series,2.261,14,2020,4,2020,3,08,31
2020-08-31,Non-marketable,Government Account Series Inflation Securities,1.257,15,2020,4,2020,3,08,31
2020-08-31,Non-marketable,Total Non-marketable,2.231,16,2020,4,2020,3,08,31
2020-08-31,Interest-bearing Debt,Total Interest-bearing Debt,1.795,17,2020,4,2020,3,08,31
2020-08-31,Marketable,Treasury Floating Rate Notes (FRN),0.261,5,2020,4,2020,3,08,31
2020-07-31,Marketable,Treasury Bills,0.266,1,2020,4,2020,3,07,31
2020-07-31,Marketable,Treasury Notes,1.948,2,2020,4,2020,3,07,31
2020-07-31,Marketable,Treasury Bonds,3.622,3,2020,4,2020,3,07,31
2020-07-31,Marketable,Treasury Inflation-Protected Securities (TIPS),0.699,4,2020,4,2020,3,07,31
2020-07-31,Marketable,Federal Financing Bank,2.644,6,2020,4,2020,3,07,31
2020-07-31,Marketable,Total Marketable,1.714,7,2020,4,2020,3,07,31
2020-07-31,Non-marketable,Domestic Series,8.044,8,2020,4,2020,3,07,31
2020-07-31,Non-marketable,Special Purpose Vehicle,0.070,9,2020,4,2020,3,07,31
2020-07-31,Non-marketable,Foreign Series,7.312,10,2020,4,2020,3,07,31
2020-07-31,Non-marketable,State and Local Government Series,1.388,11,2020,4,2020,3,07,31
2020-07-31,Non-marketable,United States Savings Securities,2.901,12,2020,4,2020,3,07,31
2020-07-31,Non-marketable,United States Savings Inflation Securities,3.295,13,2020,4,2020,3,07,31
2020-07-31,Non-marketable,Government Account Series,2.288,14,2020,4,2020,3,07,31
2020-07-31,Non-marketable,Government Account Series Inflation Securities,1.257,15,2020,4,2020,3,07,31
2020-07-31,Non-marketable,Total Non-marketable,2.259,16,2020,4,2020,3,07,31
2020-07-31,Interest-bearing Debt,Total Interest-bearing Debt,1.842,17,2020,4,2020,3,07,31
2020-07-31,Marketable,Treasury Floating Rate Notes (FRN),0.266,5,2020,4,2020,3,07,31
2020-06-30,Marketable,Treasury Bills,0.328,1,2020,3,2020,2,06,30
2020-06-30,Marketable,Treasury Notes,1.987,2,2020,3,2020,2,06,30
2020-06-30,Marketable,Treasury Bonds,3.660,3,2020,3,2020,2,06,30
2020-06-30,Marketable,Treasury Inflation-Protected Securities (TIPS),0.723,4,2020,3,2020,2,06,30
2020-06-30,Marketable,Federal Financing Bank,2.644,6,2020,3,2020,2,06,30
2020-06-30,Marketable,Total Marketable,1.753,7,2020,3,2020,2,06,30
2020-06-30,Non-marketable,Domestic Series,8.043,8,2020,3,2020,2,06,30
2020-06-30,Non-marketable,Special Purpose Vehicle,0.110,9,2020,3,2020,2,06,30
2020-06-30,Non-marketable,Foreign Series,7.312,10,2020,3,2020,2,06,30
2020-06-30,Non-marketable,State and Local Government Series,1.510,11,2020,3,2020,2,06,30
2020-06-30,Non-marketable,United States Savings Securities,2.932,12,2020,3,2020,2,06,30
2020-06-30,Non-marketable,United States Savings Inflation Securities,3.482,13,2020,3,2020,2,06,30
2020-06-30,Non-marketable,Government Account Series,2.284,14,2020,3,2020,2,06,30
2020-06-30,Non-marketable,Government Account Series Inflation Securities,1.257,15,2020,3,2020,2,06,30
2020-06-30,Non-marketable,Total Non-marketable,2.264,16,2020,3,2020,2,06,30
2020-06-30,Interest-bearing Debt,Total Interest-bearing Debt,1.875,17,2020,3,2020,2,06,30
2020-06-30,Marketable,Treasury Floating Rate Notes (FRN),0.304,5,2020,3,2020,2,06,30
2020-05-31,Non-marketable,United States Savings Securities,2.967,12,2020,3,2020,2,05,31
2020-05-31,Marketable,Treasury Bills,0.403,1,2020,3,2020,2,05,31
2020-05-31,Marketable,Treasury Notes,2.045,2,2020,3,2020,2,05,31
2020-05-31,Marketable,Treasury Bonds,3.716,3,2020,3,2020,2,05,31
2020-05-31,Marketable,Treasury Inflation-Protected Securities (TIPS),0.741,4,2020,3,2020,2,05,31
2020-05-31,Marketable,Federal Financing Bank,2.685,6,2020,3,2020,2,05,31
2020-05-31,Marketable,Total Marketable,1.843,7,2020,3,2020,2,05,31
2020-05-31,Non-marketable,Domestic Series,8.043,8,2020,3,2020,2,05,31
2020-05-31,Non-marketable,Special Purpose Vehicle,0.090,9,2020,3,2020,2,05,31
2020-05-31,Non-marketable,Foreign Series,7.312,10,2020,3,2020,2,05,31
2020-05-31,Non-marketable,State and Local Government Series,1.630,11,2020,3,2020,2,05,31
2020-05-31,Marketable,Treasury Floating Rate Notes (FRN),0.287,5,2020,3,2020,2,05,31
2020-05-31,Non-marketable,United States Savings Inflation Securities,3.626,13,2020,3,2020,2,05,31
2020-05-31,Non-marketable,Government Account Series,2.421,14,2020,3,2020,2,05,31
2020-05-31,Non-marketable,Government Account Series Inflation Securities,1.257,15,2020,3,2020,2,05,31
2020-05-31,Non-marketable,Total Non-marketable,2.413,16,2020,3,2020,2,05,31
2020-05-31,Interest-bearing Debt,Total Interest-bearing Debt,1.983,17,2020,3,2020,2,05,31
2020-04-30,Interest-bearing Debt,Total Interest-bearing Debt,2.087,16,2020,3,2020,2,04,30
2020-04-30,Marketable,Treasury Bills,0.596,1,2020,3,2020,2,04,30
2020-04-30,Marketable,Treasury Notes,2.069,2,2020,3,2020,2,04,30
2020-04-30,Marketable,Treasury Bonds,3.764,3,2020,3,2020,2,04,30
2020-04-30,Marketable,Treasury Inflation-Protected Securities (TIPS),0.751,4,2020,3,2020,2,04,30
2020-04-30,Marketable,Total Marketable,1.964,7,2020,3,2020,2,04,30
2020-04-30,Non-marketable,Domestic Series,8.043,8,2020,3,2020,2,04,30
2020-04-30,Non-marketable,Foreign Series,7.312,9,2020,3,2020,2,04,30
2020-04-30,Non-marketable,State and Local Government Series,1.722,10,2020,3,2020,2,04,30
2020-04-30,Non-marketable,United States Savings Securities,3.000,11,2020,3,2020,2,04,30
2020-04-30,Marketable,Treasury Floating Rate Notes (FRN),0.285,5,2020,3,2020,2,04,30
2020-04-30,Non-marketable,United States Savings Inflation Securities,3.764,12,2020,3,2020,2,04,30
2020-04-30,Non-marketable,Government Account Series,2.439,13,2020,3,2020,2,04,30
2020-04-30,Non-marketable,Government Account Series Inflation Securities,1.292,14,2020,3,2020,2,04,30
2020-04-30,Non-marketable,Total Non-marketable,2.456,15,2020,3,2020,2,04,30
2020-04-30,Marketable,Federal Financing Bank,2.685,6,2020,3,2020,2,04,30
2020-03-31,Marketable,Treasury Bills,1.216,1,2020,2,2020,1,03,31
2020-03-31,Marketable,Treasury Notes,2.097,2,2020,2,2020,1,03,31
2020-03-31,Marketable,Treasury Bonds,3.784,3,2020,2,2020,1,03,31
2020-03-31,Marketable,Treasury Inflation-Protected Securities (TIPS),0.741,4,2020,2,2020,1,03,31
2020-03-31,Marketable,Federal Financing Bank,2.685,6,2020,2,2020,1,03,31
2020-03-31,Marketable,Total Marketable,2.213,7,2020,2,2020,1,03,31
2020-03-31,Non-marketable,Domestic Series,8.043,8,2020,2,2020,1,03,31
2020-03-31,Non-marketable,Foreign Series,7.312,9,2020,2,2020,1,03,31
2020-03-31,Non-marketable,State and Local Government Series,1.803,10,2020,2,2020,1,03,31
2020-03-31,Non-marketable,United States Savings Securities,3.042,11,2020,2,2020,1,03,31
2020-03-31,Non-marketable,United States Savings Inflation Securities,3.611,12,2020,2,2020,1,03,31
2020-03-31,Non-marketable,Government Account Series,2.484,13,2020,2,2020,1,03,31
2020-03-31,Non-marketable,Government Account Series Inflation Securities,1.298,14,2020,2,2020,1,03,31
2020-03-31,Non-marketable,Total Non-marketable,2.501,15,2020,2,2020,1,03,31
2020-03-31,Interest-bearing Debt,Total Interest-bearing Debt,2.291,16,2020,2,2020,1,03,31
2020-03-31,Marketable,Treasury Floating Rate Notes (FRN),0.148,5,2020,2,2020,1,03,31
2020-02-29,Interest-bearing Debt,Total Interest-bearing Debt,2.394,16,2020,2,2020,1,02,29
2020-02-29,Marketable,Treasury Bills,1.643,1,2020,2,2020,1,02,29
2020-02-29,Marketable,Treasury Notes,2.133,2,2020,2,2020,1,02,29
2020-02-29,Marketable,Treasury Bonds,3.803,3,2020,2,2020,1,02,29
2020-02-29,Marketable,Treasury Inflation-Protected Securities (TIPS),0.742,4,2020,2,2020,1,02,29
2020-02-29,Marketable,Federal Financing Bank,2.685,6,2020,2,2020,1,02,29
2020-02-29,Marketable,Total Marketable,2.320,7,2020,2,2020,1,02,29
2020-02-29,Non-marketable,Domestic Series,8.043,8,2020,2,2020,1,02,29
2020-02-29,Non-marketable,Foreign Series,7.312,9,2020,2,2020,1,02,29
2020-02-29,Non-marketable,State and Local Government Series,1.890,10,2020,2,2020,1,02,29
2020-02-29,Non-marketable,United States Savings Securities,3.081,11,2020,2,2020,1,02,29
2020-02-29,Non-marketable,United States Savings Inflation Securities,3.532,12,2020,2,2020,1,02,29
2020-02-29,Marketable,Treasury Floating Rate Notes (FRN),1.650,5,2020,2,2020,1,02,29
2020-02-29,Non-marketable,Government Account Series,2.576,13,2020,2,2020,1,02,29
2020-02-29,Non-marketable,Government Account Series Inflation Securities,1.298,14,2020,2,2020,1,02,29
2020-02-29,Non-marketable,Total Non-marketable,2.593,15,2020,2,2020,1,02,29
2020-01-31,Marketable,Treasury Bills,1.683,1,2020,2,2020,1,01,31
2020-01-31,Marketable,Treasury Notes,2.144,2,2020,2,2020,1,01,31
2020-01-31,Marketable,Treasury Bonds,3.841,3,2020,2,2020,1,01,31
2020-01-31,Marketable,Federal Financing Bank,2.685,6,2020,2,2020,1,01,31
2020-01-31,Marketable,Total Marketable,2.344,7,2020,2,2020,1,01,31
2020-01-31,Non-marketable,Domestic Series,8.043,8,2020,2,2020,1,01,31
2020-01-31,Non-marketable,Foreign Series,7.312,9,2020,2,2020,1,01,31
2020-01-31,Non-marketable,State and Local Government Series,1.920,10,2020,2,2020,1,01,31
2020-01-31,Non-marketable,United States Savings Securities,3.118,11,2020,2,2020,1,01,31
2020-01-31,Marketable,Treasury Floating Rate Notes (FRN),1.674,5,2020,2,2020,1,01,31
2020-01-31,Non-marketable,United States Savings Inflation Securities,3.446,12,2020,2,2020,1,01,31
2020-01-31,Non-marketable,Government Account Series,2.597,13,2020,2,2020,1,01,31
2020-01-31,Non-marketable,Government Account Series Inflation Securities,1.298,14,2020,2,2020,1,01,31
2020-01-31,Non-marketable,Total Non-marketable,2.614,15,2020,2,2020,1,01,31
2020-01-31,Interest-bearing Debt,Total Interest-bearing Debt,2.418,16,2020,2,2020,1,01,31
2020-01-31,Marketable,Treasury Inflation-Protected Securities (TIPS),0.744,4,2020,2,2020,1,01,31
2019-12-31,Interest-bearing Debt,Total Interest-bearing Debt,2.429,16,2020,1,2019,4,12,31
2019-12-31,Marketable,Treasury Bills,1.761,1,2020,1,2019,4,12,31
2019-12-31,Marketable,Treasury Notes,2.148,2,2020,1,2019,4,12,31
2019-12-31,Marketable,Treasury Bonds,3.852,3,2020,1,2019,4,12,31
2019-12-31,Marketable,Treasury Inflation-Protected Securities (TIPS),0.764,4,2020,1,2019,4,12,31
2019-12-31,Marketable,Federal Financing Bank,2.685,6,2020,1,2019,4,12,31
2019-12-31,Marketable,Total Marketable,2.360,7,2020,1,2019,4,12,31
2019-12-31,Non-marketable,Domestic Series,8.042,8,2020,1,2019,4,12,31
2019-12-31,Non-marketable,Foreign Series,7.312,9,2020,1,2019,4,12,31
2019-12-31,Marketable,Treasury Floating Rate Notes (FRN),1.670,5,2020,1,2019,4,12,31
2019-12-31,Non-marketable,State and Local Government Series,1.908,10,2020,1,2019,4,12,31
2019-12-31,Non-marketable,United States Savings Securities,3.163,11,2020,1,2019,4,12,31
2019-12-31,Non-marketable,United States Savings Inflation Securities,3.324,12,2020,1,2019,4,12,31
2019-12-31,Non-marketable,Government Account Series,2.594,13,2020,1,2019,4,12,31
2019-12-31,Non-marketable,Government Account Series Inflation Securities,1.274,14,2020,1,2019,4,12,31
2019-12-31,Non-marketable,Total Non-marketable,2.611,15,2020,1,2019,4,12,31
2019-11-30,Interest-bearing Debt,Total Interest-bearing Debt,2.444,16,2020,1,2019,4,11,30
2019-11-30,Marketable,Treasury Bills,1.840,1,2020,1,2019,4,11,30
2019-11-30,Marketable,Treasury Notes,2.156,2,2020,1,2019,4,11,30
2019-11-30,Marketable,Treasury Bonds,3.863,3,2020,1,2019,4,11,30
2019-11-30,Marketable,Treasury Inflation-Protected Securities (TIPS),0.772,4,2020,1,2019,4,11,30
2019-11-30,Marketable,Federal Financing Bank,2.685,6,2020,1,2019,4,11,30
2019-11-30,Marketable,Total Marketable,2.378,7,2020,1,2019,4,11,30
2019-11-30,Non-marketable,Domestic Series,8.042,8,2020,1,2019,4,11,30
2019-11-30,Non-marketable,Foreign Series,7.312,9,2020,1,2019,4,11,30
2019-11-30,Non-marketable,State and Local Government Series,1.964,10,2020,1,2019,4,11,30
2019-11-30,Non-marketable,United States Savings Securities,3.213,11,2020,1,2019,4,11,30
2019-11-30,Non-marketable,United States Savings Inflation Securities,3.230,12,2020,1,2019,4,11,30
2019-11-30,Non-marketable,Government Account Series,2.600,13,2020,1,2019,4,11,30
2019-11-30,Non-marketable,Government Account Series Inflation Securities,1.275,14,2020,1,2019,4,11,30
2019-11-30,Non-marketable,Total Non-marketable,2.620,15,2020,1,2019,4,11,30
2019-11-30,Marketable,Treasury Floating Rate Notes (FRN),1.684,5,2020,1,2019,4,11,30
2019-10-31,Non-marketable,State and Local Government Series,2.014,10,2020,1,2019,4,10,31
2019-10-31,Non-marketable,United States Savings Inflation Securities,3.139,12,2020,1,2019,4,10,31
2019-10-31,Non-marketable,Government Account Series,2.598,13,2020,1,2019,4,10,31
2019-10-31,Non-marketable,Government Account Series Inflation Securities,1.276,14,2020,1,2019,4,10,31
2019-10-31,Non-marketable,Total Non-marketable,2.620,15,2020,1,2019,4,10,31
2019-10-31,Interest-bearing Debt,Total Interest-bearing Debt,2.464,16,2020,1,2019,4,10,31
2019-10-31,Marketable,Treasury Bills,1.975,1,2020,1,2019,4,10,31
2019-10-31,Marketable,Treasury Notes,2.161,2,2020,1,2019,4,10,31
2019-10-31,Marketable,Treasury Bonds,3.880,3,2020,1,2019,4,10,31
2019-10-31,Marketable,Treasury Inflation-Protected Securities (TIPS),0.777,4,2020,1,2019,4,10,31
2019-10-31,Marketable,Federal Financing Bank,2.685,6,2020,1,2019,4,10,31
2019-10-31,Marketable,Total Marketable,2.404,7,2020,1,2019,4,10,31
2019-10-31,Non-marketable,Domestic Series,8.042,8,2020,1,2019,4,10,31
2019-10-31,Non-marketable,Foreign Series,7.312,9,2020,1,2019,4,10,31
2019-10-31,Marketable,Treasury Floating Rate Notes (FRN),1.750,5,2020,1,2019,4,10,31
2019-10-31,Non-marketable,United States Savings Securities,3.254,11,2020,1,2019,4,10,31
2019-09-30,Interest-bearing Debt,Total Interest-bearing Debt,2.492,16,2019,4,2019,3,09,30
2019-09-30,Marketable,Treasury Bills,2.136,1,2019,4,2019,3,09,30
2019-09-30,Marketable,Treasury Notes,2.163,2,2019,4,2019,3,09,30
2019-09-30,Marketable,Treasury Bonds,3.892,3,2019,4,2019,3,09,30
2019-09-30,Marketable,Treasury Inflation-Protected Securities (TIPS),0.786,4,2019,4,2019,3,09,30
2019-09-30,Marketable,Federal Financing Bank,2.685,6,2019,4,2019,3,09,30
2019-09-30,Marketable,Total Marketable,2.436,7,2019,4,2019,3,09,30
2019-09-30,Non-marketable,Domestic Series,7.954,8,2019,4,2019,3,09,30
2019-09-30,Non-marketable,Foreign Series,7.312,9,2019,4,2019,3,09,30
2019-09-30,Non-marketable,State and Local Government Series,2.087,10,2019,4,2019,3,09,30
2019-09-30,Non-marketable,United States Savings Securities,3.270,11,2019,4,2019,3,09,30
2019-09-30,Non-marketable,United States Savings Inflation Securities,3.366,12,2019,4,2019,3,09,30
2019-09-30,Non-marketable,Government Account Series,2.611,13,2019,4,2019,3,09,30
2019-09-30,Non-marketable,Government Account Series Inflation Securities,1.336,14,2019,4,2019,3,09,30
2019-09-30,Non-marketable,Total Non-marketable,2.639,15,2019,4,2019,3,09,30
2019-09-30,Marketable,Treasury Floating Rate Notes (FRN),2.008,5,2019,4,2019,3,09,30
2019-08-31,Marketable,Treasury Bills,2.226,1,2019,4,2019,3,08,31
2019-08-31,Marketable,Treasury Notes,2.173,2,2019,4,2019,3,08,31
2019-08-31,Marketable,Treasury Bonds,3.903,3,2019,4,2019,3,08,31
2019-08-31,Marketable,Treasury Inflation-Protected Securities (TIPS),0.792,4,2019,4,2019,3,08,31
2019-08-31,Marketable,Federal Financing Bank,2.685,6,2019,4,2019,3,08,31
2019-08-31,Marketable,Total Marketable,2.463,7,2019,4,2019,3,08,31
2019-08-31,Non-marketable,Domestic Series,7.954,8,2019,4,2019,3,08,31
2019-08-31,Non-marketable,Foreign Series,7.312,9,2019,4,2019,3,08,31
2019-08-31,Non-marketable,State and Local Government Series,2.143,10,2019,4,2019,3,08,31
2019-08-31,Non-marketable,United States Savings Securities,3.283,11,2019,4,2019,3,08,31
2019-08-31,Non-marketable,United States Savings Inflation Securities,3.482,12,2019,4,2019,3,08,31
2019-08-31,Non-marketable,Government Account Series,2.660,13,2019,4,2019,3,08,31
2019-08-31,Non-marketable,Government Account Series Inflation Securities,1.338,14,2019,4,2019,3,08,31
2019-08-31,Non-marketable,Total Non-marketable,2.688,15,2019,4,2019,3,08,31
2019-08-31,Interest-bearing Debt,Total Interest-bearing Debt,2.525,16,2019,4,2019,3,08,31
2019-08-31,Marketable,Treasury Floating Rate Notes (FRN),2.044,5,2019,4,2019,3,08,31
2019-07-31,Marketable,Treasury Bills,2.341,1,2019,4,2019,3,07,31
2019-07-31,Marketable,Treasury Notes,2.178,2,2019,4,2019,3,07,31
2019-07-31,Marketable,Treasury Bonds,3.959,3,2019,4,2019,3,07,31
2019-07-31,Marketable,Treasury Inflation-Protected Securities (TIPS),0.794,4,2019,4,2019,3,07,31
2019-07-31,Marketable,Federal Financing Bank,2.685,6,2019,4,2019,3,07,31
2019-07-31,Marketable,Total Marketable,2.492,7,2019,4,2019,3,07,31
2019-07-31,Non-marketable,Domestic Series,7.954,8,2019,4,2019,3,07,31
2019-07-31,Non-marketable,Foreign Series,7.312,9,2019,4,2019,3,07,31
2019-07-31,Non-marketable,State and Local Government Series,2.110,10,2019,4,2019,3,07,31
2019-07-31,Non-marketable,United States Savings Securities,3.297,11,2019,4,2019,3,07,31
2019-07-31,Non-marketable,United States Savings Inflation Securities,3.608,12,2019,4,2019,3,07,31
2019-07-31,Non-marketable,Government Account Series,2.695,13,2019,4,2019,3,07,31
2019-07-31,Non-marketable,Government Account Series Inflation Securities,1.340,14,2019,4,2019,3,07,31
2019-07-31,Interest-bearing Debt,Total Interest-bearing Debt,2.554,16,2019,4,2019,3,07,31
2019-07-31,Marketable,Treasury Floating Rate Notes (FRN),2.128,5,2019,4,2019,3,07,31
2019-07-31,Non-marketable,Total Non-marketable,2.724,15,2019,4,2019,3,07,31
2019-06-30,Interest-bearing Debt,Total Interest-bearing Debt,2.567,16,2019,3,2019,2,06,30
2019-06-30,Marketable,Treasury Bills,2.417,1,2019,3,2019,2,06,30
2019-06-30,Marketable,Treasury Notes,2.177,2,2019,3,2019,2,06,30
2019-06-30,Marketable,Treasury Bonds,3.969,3,2019,3,2019,2,06,30
2019-06-30,Marketable,Treasury Inflation-Protected Securities (TIPS),0.811,4,2019,3,2019,2,06,30
2019-06-30,Marketable,Federal Financing Bank,2.685,6,2019,3,2019,2,06,30
2019-06-30,Marketable,Total Marketable,2.507,7,2019,3,2019,2,06,30
2019-06-30,Marketable,Treasury Floating Rate Notes (FRN),2.136,5,2019,3,2019,2,06,30
2019-06-30,Non-marketable,Domestic Series,7.954,8,2019,3,2019,2,06,30
2019-06-30,Non-marketable,Foreign Series,7.312,9,2019,3,2019,2,06,30
2019-06-30,Non-marketable,State and Local Government Series,2.069,10,2019,3,2019,2,06,30
2019-06-30,Non-marketable,United States Savings Securities,3.313,11,2019,3,2019,2,06,30
2019-06-30,Non-marketable,United States Savings Inflation Securities,3.787,12,2019,3,2019,2,06,30
2019-06-30,Non-marketable,Government Account Series,2.703,13,2019,3,2019,2,06,30
2019-06-30,Non-marketable,Government Account Series Inflation Securities,1.341,14,2019,3,2019,2,06,30
2019-06-30,Non-marketable,Total Non-marketable,2.730,15,2019,3,2019,2,06,30
2019-05-31,Interest-bearing Debt,Total Interest-bearing Debt,2.593,16,2019,3,2019,2,05,31
2019-05-31,Marketable,Treasury Notes,2.167,2,2019,3,2019,2,05,31
2019-05-31,Marketable,Treasury Bonds,3.979,3,2019,3,2019,2,05,31
2019-05-31,Marketable,Treasury Inflation-Protected Securities (TIPS),0.818,4,2019,3,2019,2,05,31
2019-05-31,Marketable,Federal Financing Bank,2.860,6,2019,3,2019,2,05,31
2019-05-31,Marketable,Total Marketable,2.508,7,2019,3,2019,2,05,31
2019-05-31,Non-marketable,Domestic Series,7.954,8,2019,3,2019,2,05,31
2019-05-31,Non-marketable,Foreign Series,7.312,9,2019,3,2019,2,05,31
2019-05-31,Non-marketable,State and Local Government Series,2.025,10,2019,3,2019,2,05,31
2019-05-31,Non-marketable,United States Savings Securities,3.330,11,2019,3,2019,2,05,31
2019-05-31,Non-marketable,United States Savings Inflation Securities,3.925,12,2019,3,2019,2,05,31
2019-05-31,Non-marketable,Government Account Series,2.801,13,2019,3,2019,2,05,31
2019-05-31,Non-marketable,Government Account Series Inflation Securities,1.347,14,2019,3,2019,2,05,31
2019-05-31,Non-marketable,Total Non-marketable,2.824,15,2019,3,2019,2,05,31
2019-05-31,Marketable,Treasury Floating Rate Notes (FRN),2.407,5,2019,3,2019,2,05,31
2019-05-31,Marketable,Treasury Bills,2.474,1,2019,3,2019,2,05,31
2019-04-30,Interest-bearing Debt,Total Interest-bearing Debt,2.594,16,2019,3,2019,2,04,30
2019-04-30,Marketable,Treasury Bills,2.488,1,2019,3,2019,2,04,30
2019-04-30,Marketable,Treasury Notes,2.163,2,2019,3,2019,2,04,30
2019-04-30,Marketable,Treasury Bonds,3.991,3,2019,3,2019,2,04,30
2019-04-30,Marketable,Treasury Inflation-Protected Securities (TIPS),0.820,4,2019,3,2019,2,04,30
2019-04-30,Marketable,Federal Financing Bank,2.860,6,2019,3,2019,2,04,30
2019-04-30,Marketable,Total Marketable,2.507,7,2019,3,2019,2,04,30
2019-04-30,Non-marketable,Domestic Series,7.954,8,2019,3,2019,2,04,30
2019-04-30,Non-marketable,Foreign Series,7.312,9,2019,3,2019,2,04,30
2019-04-30,Non-marketable,State and Local Government Series,1.998,10,2019,3,2019,2,04,30
2019-04-30,Non-marketable,United States Savings Securities,3.346,11,2019,3,2019,2,04,30
2019-04-30,Non-marketable,United States Savings Inflation Securities,4.058,12,2019,3,2019,2,04,30
2019-04-30,Non-marketable,Government Account Series,2.803,13,2019,3,2019,2,04,30
2019-04-30,Non-marketable,Government Account Series Inflation Securities,1.349,14,2019,3,2019,2,04,30
2019-04-30,Non-marketable,Total Non-marketable,2.825,15,2019,3,2019,2,04,30
2019-04-30,Marketable,Treasury Floating Rate Notes (FRN),2.468,5,2019,3,2019,2,04,30
2019-03-31,Non-marketable,State and Local Government Series,1.986,10,2019,2,2019,1,03,31
2019-03-31,Non-marketable,United States Savings Securities,3.331,11,2019,2,2019,1,03,31
2019-03-31,Non-marketable,United States Savings Inflation Securities,4.034,12,2019,2,2019,1,03,31
2019-03-31,Non-marketable,Government Account Series,2.810,13,2019,2,2019,1,03,31
2019-03-31,Non-marketable,Government Account Series Inflation Securities,1.350,14,2019,2,2019,1,03,31
2019-03-31,Non-marketable,Total Non-marketable,2.831,15,2019,2,2019,1,03,31
2019-03-31,Interest-bearing Debt,Total Interest-bearing Debt,2.590,16,2019,2,2019,1,03,31
2019-03-31,Marketable,Treasury Bills,2.490,1,2019,2,2019,1,03,31
2019-03-31,Marketable,Treasury Notes,2.148,2,2019,2,2019,1,03,31
2019-03-31,Marketable,Treasury Bonds,3.999,3,2019,2,2019,1,03,31
2019-03-31,Marketable,Treasury Inflation-Protected Securities (TIPS),0.791,4,2019,2,2019,1,03,31
2019-03-31,Marketable,Federal Financing Bank,2.860,6,2019,2,2019,1,03,31
2019-03-31,Marketable,Total Marketable,2.501,7,2019,2,2019,1,03,31
2019-03-31,Non-marketable,Domestic Series,7.953,8,2019,2,2019,1,03,31
2019-03-31,Non-marketable,Foreign Series,7.312,9,2019,2,2019,1,03,31
2019-03-31,Marketable,Treasury Floating Rate Notes (FRN),2.474,5,2019,2,2019,1,03,31
2019-02-28,Marketable,Treasury Bills,2.467,1,2019,2,2019,1,02,28
2019-02-28,Marketable,Treasury Notes,2.137,2,2019,2,2019,1,02,28
2019-02-28,Marketable,Treasury Bonds,4.006,3,2019,2,2019,1,02,28
2019-02-28,Marketable,Treasury Inflation-Protected Securities (TIPS),0.792,4,2019,2,2019,1,02,28
2019-02-28,Marketable,Federal Financing Bank,2.860,6,2019,2,2019,1,02,28
2019-02-28,Marketable,Total Marketable,2.488,7,2019,2,2019,1,02,28
2019-02-28,Non-marketable,Domestic Series,7.953,8,2019,2,2019,1,02,28
2019-02-28,Marketable,Treasury Floating Rate Notes (FRN),2.454,5,2019,2,2019,1,02,28
2019-02-28,Non-marketable,Foreign Series,7.312,9,2019,2,2019,1,02,28
2019-02-28,Non-marketable,State and Local Government Series,1.948,10,2019,2,2019,1,02,28
2019-02-28,Non-marketable,United States Savings Securities,3.319,11,2019,2,2019,1,02,28
2019-02-28,Non-marketable,United States Savings Inflation Securities,4.021,12,2019,2,2019,1,02,28
2019-02-28,Non-marketable,Government Account Series,2.801,13,2019,2,2019,1,02,28
2019-02-28,Non-marketable,Government Account Series Inflation Securities,1.350,14,2019,2,2019,1,02,28
2019-02-28,Non-marketable,Total Non-marketable,2.820,15,2019,2,2019,1,02,28
2019-02-28,Interest-bearing Debt,Total Interest-bearing Debt,2.581,16,2019,2,2019,1,02,28
2019-01-31,Marketable,Treasury Bonds,4.047,3,2019,2,2019,1,01,31
2019-01-31,Marketable,Treasury Inflation-Protected Securities (TIPS),0.791,4,2019,2,2019,1,01,31
2019-01-31,Marketable,Federal Financing Bank,2.860,6,2019,2,2019,1,01,31
2019-01-31,Marketable,Total Marketable,2.479,7,2019,2,2019,1,01,31
2019-01-31,Non-marketable,Domestic Series,7.953,8,2019,2,2019,1,01,31
2019-01-31,Non-marketable,Foreign Series,7.312,9,2019,2,2019,1,01,31
2019-01-31,Non-marketable,State and Local Government Series,1.897,10,2019,2,2019,1,01,31
2019-01-31,Non-marketable,United States Savings Securities,3.305,11,2019,2,2019,1,01,31
2019-01-31,Non-marketable,United States Savings Inflation Securities,4.005,12,2019,2,2019,1,01,31
2019-01-31,Non-marketable,Government Account Series,2.795,13,2019,2,2019,1,01,31
2019-01-31,Non-marketable,Government Account Series Inflation Securities,1.349,14,2019,2,2019,1,01,31
2019-01-31,Non-marketable,Total Non-marketable,2.814,15,2019,2,2019,1,01,31
2019-01-31,Interest-bearing Debt,Total Interest-bearing Debt,2.574,16,2019,2,2019,1,01,31
2019-01-31,Marketable,Treasury Floating Rate Notes (FRN),2.444,5,2019,2,2019,1,01,31
2019-01-31,Marketable,Treasury Bills,2.437,1,2019,2,2019,1,01,31
2019-01-31,Marketable,Treasury Notes,2.122,2,2019,2,2019,1,01,31
2018-12-31,Interest-bearing Debt,Total Interest-bearing Debt,2.560,16,2019,1,2018,4,12,31
2018-12-31,Marketable,Treasury Notes,2.103,2,2019,1,2018,4,12,31
2018-12-31,Marketable,Treasury Bonds,4.055,3,2019,1,2018,4,12,31
2018-12-31,Marketable,Treasury Inflation-Protected Securities (TIPS),0.804,4,2019,1,2018,4,12,31
2018-12-31,Marketable,Federal Financing Bank,2.860,6,2019,1,2018,4,12,31
2018-12-31,Marketable,Total Marketable,2.455,7,2019,1,2018,4,12,31
2018-12-31,Non-marketable,Domestic Series,7.953,8,2019,1,2018,4,12,31
2018-12-31,Non-marketable,Foreign Series,7.312,9,2019,1,2018,4,12,31
2018-12-31,Non-marketable,State and Local Government Series,1.879,10,2019,1,2018,4,12,31
2018-12-31,Non-marketable,United States Savings Securities,3.291,11,2019,1,2018,4,12,31
2018-12-31,Non-marketable,United States Savings Inflation Securities,3.986,12,2019,1,2018,4,12,31
2018-12-31,Non-marketable,Government Account Series,2.810,13,2019,1,2018,4,12,31
2018-12-31,Non-marketable,Government Account Series Inflation Securities,1.314,14,2019,1,2018,4,12,31
2018-12-31,Non-marketable,Total Non-marketable,2.827,15,2019,1,2018,4,12,31
2018-12-31,Marketable,Treasury Floating Rate Notes (FRN),2.474,5,2019,1,2018,4,12,31
2018-12-31,Marketable,Treasury Bills,2.368,1,2019,1,2018,4,12,31
2018-11-30,Interest-bearing Debt,Total Interest-bearing Debt,2.542,16,2019,1,2018,4,11,30
2018-11-30,Marketable,Treasury Bills,2.293,1,2019,1,2018,4,11,30
2018-11-30,Marketable,Treasury Notes,2.083,2,2019,1,2018,4,11,30
2018-11-30,Marketable,Treasury Bonds,4.061,3,2019,1,2018,4,11,30
2018-11-30,Marketable,Treasury Inflation-Protected Securities (TIPS),0.801,4,2019,1,2018,4,11,30
2018-11-30,Marketable,Federal Financing Bank,2.860,6,2019,1,2018,4,11,30
2018-11-30,Marketable,Total Marketable,2.429,7,2019,1,2018,4,11,30
2018-11-30,Non-marketable,Domestic Series,7.953,8,2019,1,2018,4,11,30
2018-11-30,Non-marketable,Foreign Series,7.312,9,2019,1,2018,4,11,30
2018-11-30,Non-marketable,State and Local Government Series,1.837,10,2019,1,2018,4,11,30
2018-11-30,Non-marketable,United States Savings Securities,3.274,11,2019,1,2018,4,11,30
2018-11-30,Non-marketable,United States Savings Inflation Securities,3.970,12,2019,1,2018,4,11,30
2018-11-30,Non-marketable,Government Account Series,2.816,13,2019,1,2018,4,11,30
2018-11-30,Non-marketable,Government Account Series Inflation Securities,1.317,14,2019,1,2018,4,11,30
2018-11-30,Non-marketable,Total Non-marketable,2.832,15,2019,1,2018,4,11,30
2018-11-30,Marketable,Treasury Floating Rate Notes (FRN),2.424,5,2019,1,2018,4,11,30
